36.983,44.987,78.006,65.998,56.993,68.0,68.0,49.99,69.001,77.005,66.999,47.99,101.023,58.995,44.987,64.997
50.022,62.018,74.014,102.0,81.011,79.011,74.012,84.01,88.008,105.998,71.015,71.015,0,50.022,58.02,50.022
39.98,77.998,61.99,57.988,97.011,66.993,62.991,102.014,200.088,0,90.006,64.991,0,58.989,53.986,69.994
79.037,125.029,93.035,121.029,147.023,131.027,70.036,72.038,0,0,72.038,86.036,0,63.039,70.038,70.038
57.994,77.005,93.017,90.014,0,322.222,89.013,78.006,0,0,77.005,68.0,0,44.987,62.997,86.012
105.079,219.095,173.087,128.084,0,0,103.079,100.078,0,0,110.08,105.079,0,89.075,97.077,92.076
71.017,0,437.437,145.089,0,0,101.045,112.056,0,0,97.041,63.011,0,64.012,50.0,78.024
55.968,100.983,152.008,143.003,111.988,166.016,194.032,88.981,127.996,143.003,163.015,112.989,6103.133,134.999,83.976,119.992
95.035,120.028,156.016,195.001,169.011,168.012,172.01,150.018,201.998,5107.932,125.027,120.028,0,92.036,128.024,102.034
87.972,149.996,115.982,96.975,170.006,190.016,142.993,232.038,4202.0,0,209.025,124.985,0,134.989,110.979,138.991
155.067,239.059,176.066,238.06,3148.579,331.043,157.067,127.067,0,0,111.067,153.067,0,125.067,115.067,125.067
103.992,138.01,251.085,297.115,0,2323.528,221.063,138.01,0,0,184.038,127.005,0,79.982,149.017,135.009
169.137,1219.733,343.189,247.163,0,0,215.153,185.143,0,0,213.151,207.151,0,176.14,194.146,153.131
100.024,0,1027.026,242.152,0,0,160.074,169.083,0,0,146.062,76.006,0,89.015,97.021,113.033
69.96,146.983,226.018,225.017,146.983,241.025,322.068,145.982,197.003,258.034,295.053,162.989,12105.321,188.0,114.971,158.987
156.044,187.037,260.016,290.006,242.022,263.015,228.026,203.033,290.004,10110.042,171.041,195.035,0,136.048,225.027,148.046
112.967,194.997,242.018,270.03,226.01,229.011,245.019,308.05,8204.094,0,300.046,262.026,0,174.989,174.989,164.985
215.099,426.094,240.1,302.1,6150.329,564.082,217.099,170.094,0,0,140.092,234.1,0,161.095,198.098,185.097
126.983,210.02,363.107,438.154,0,4325.002,329.087,272.054,0,0,320.082,195.013,0,110.977,247.043,212.022
238.196,2220.497,524.302,346.24,0,0,300.222,280.214,0,0,310.226,287.217,0,262.206,300.222,255.203
127.033,0,1798.797,304.188,0,0,185.079,181.077,0,0,167.065,111.021,0,115.023,105.017,126.032
120.963,163.976,363.065,395.083,164.977,297.037,414.092,158.975,320.044,360.064,399.085,192.987,18107.815,235.005,132.967,180.983
207.053,252.044,323.027,369.015,309.031,410.002,337.023,272.04,398.006,15112.414,247.045,221.051,0,176.058,298.032,175.059
150.967,289.017,317.029,396.066,293.019,279.013,387.063,394.064,12206.276,0,399.067,329.035,0,235.996,240.997,193.98
282.134,536.146,284.134,424.144,9152.125,760.142,311.135,248.13,0,0,195.121,313.137,0,208.124,243.129,248.13
138.979,250.026,399.107,511.173,0,6933.064,349.079,299.051,0,0,353.081,217.011,0,118.971,296.05,286.044
337.287,3221.333,875.529,584.406,0,0,446.342,426.332,0,0,426.332,426.332,0,399.319,419.329,370.304
151.043,0,2588.586,340.204,0,0,219.097,219.097,0,0,197.079,117.019,0,122.022,124.024,143.037
136.959,188.973,420.07,507.113,179.97,367.045,495.107,197.976,408.064,515.117,477.097,286.01,24110.703,338.032,149.962,231.988
242.066,324.052,432.028,434.028,362.044,461.021,445.025,352.046,592.979,20115.216,319.053,264.062,0,204.07,347.047,215.069
248.983,378.032,358.024,434.056,377.031,419.049,446.06,446.06,16208.902,0,509.089,375.031,0,318.008,341.017,254.991
356.166,645.191,349.165,522.18,12154.295,1041.199,360.166,299.157,0,0,265.151,386.17,0,243.147,304.158,282.154
149.98,251.025,401.105,514.172,0,9898.459,351.077,300.05,0,0,360.082,221.011,0,120.971,298.048,288.044
444.384,4222.209,1253.791,801.575,0,0,690.518,640.492,0,0,580.46,589.465,0,545.441,589.463,540.438
161.045,0,3445.442,377.225,0,0,243.109,231.099,0,0,203.077,125.019,0,146.034,138.028,152.038
156.957,235.98,492.086,608.142,197.968,455.069,555.115,342.022,480.08,599.137,553.115,322.012,30113.739,454.068,180.963,266.991
283.075,398.058,517.033,490.04,488.04,583.019,493.039,413.055,749.978,25118.148,360.064,308.072,0,249.079,410.056,252.078
303.982,455.033,417.019,607.093,416.018,501.051,513.055,507.053,20211.716,0,593.087,458.034,0,378.006,423.021,332.991
389.191,772.236,394.192,622.222,15156.711,1330.262,420.196,343.183,0,0,343.183,440.198,0,323.179,343.183,333.181
149.98,256.026,402.104,518.172,0,12874.919,352.076,306.052,0,0,361.081,226.012,0,121.97,299.047,289.043
630.528,5223.117,1626.061,1046.762,0,0,865.663,824.64,0,0,731.587,759.603,0,689.563,783.617,693.565
164.042,0,4297.293,446.276,0,0,261.117,246.104,0,0,208.074,130.018,0,154.034,145.029,171.047
167.952,304.991,549.089,678.148,236.969,607.115,632.126,410.03,517.075,704.16,582.104,427.037,36116.727,580.102,205.96,296.991
302.086,488.062,551.051,563.049,531.055,707.019,694.02,508.058,856.985,30121.04,417.073,346.082,0,284.088,457.067,289.087
305.982,455.033,417.019,607.093,416.018,504.052,513.055,507.053,25206.988,0,593.087,458.034,0,379.005,423.021,334.991
492.246,1077.339,513.251,818.304,18159.189,1909.415,523.253,439.235,0,0,433.233,583.265,0,383.221,451.237,423.231
156.981,257.025,403.103,519.171,0,15839.383,353.075,317.055,0,0,362.08,234.014,0,122.969,301.047,293.043
810.672,6224.035,1999.34,1315.967,0,0,1029.803,1005.789,0,0,896.724,886.718,0,876.712,916.736,876.712
166.04,0,5167.162,478.296,0,0,286.132,251.103,0,0,222.084,172.044,0,159.035,148.028,174.046
202.953,374.004,613.099,743.155,261.968,684.13,760.164,532.066,611.097,744.156,718.144,477.043,42120.167,620.102,245.964,311.984
365.093,529.073,651.053,645.055,629.057,840.018,791.027,538.072,962.991,35124.384,466.082,359.093,0,318.096,545.071,355.093
305.982,455.033,417.019,607.093,416.018,504.052,513.055,507.053,30210.35,0,593.087,458.034,0,379.005,423.021,334.991
595.303,1340.446,649.315,966.382,21161.709,2307.575,748.338,584.3,0,0,590.302,705.329,0,445.263,568.296,547.291
156.981,257.025,403.103,519.171,0,18841.979,353.075,317.055,0,0,362.08,234.014,0,122.969,301.047,293.043
988.822,7224.971,2353.624,1621.206,0,0,1236.976,1164.932,0,0,1058.866,1037.853,0,1031.849,1095.889,1026.846
168.038,0,6075.069,527.331,0,0,292.132,259.105,0,0,228.082,174.042,0,169.039,150.026,182.048
300.971,441.015,637.089,769.145,519.043,758.14,843.177,576.066,639.091,789.153,740.132,542.052,48123.801,689.111,267.962,388.004
395.103,584.084,738.062,686.07,784.054,927.029,880.032,577.085,1132.989,40127.926,539.089,404.102,0,340.106,593.083,414.102
305.982,455.033,417.019,607.093,416.018,504.052,513.055,507.053,35213.968,0,593.087,458.034,0,379.005,423.021,334.991
725.371,1585.565,818.396,1081.459,24164.341,2710.758,877.411,764.382,0,0,695.363,812.394,0,605.337,750.378,622.342
156.981,257.025,403.103,519.171,0,21844.631,353.075,317.055,0,0,362.08,234.014,0,122.969,301.047,293.043
1137.955,8225.913,2754.943,1913.442,0,0,1456.159,1368.103,0,0,1189.989,1177.981,0,1200.996,1241.022,1177.981
171.037,0,6985.979,566.36,0,0,308.14,262.104,0,0,238.086,176.04,0,174.04,154.026,190.05
321.966,490.018,700.094,968.206,545.037,817.141,958.2,665.081,714.1,844.152,801.135,583.051,54127.591,747.113,322.967,421.996
440.114,622.098,774.08,769.081,881.065,1002.046,1012.044,692.09,1268.999,45131.6,613.099,461.111,0,357.117,658.094,444.114
305.982,455.033,417.019,607.093,416.018,504.052,513.055,507.053,40217.694,0,593.087,458.034,0,379.005,423.021,334.991
870.448,1914.71,963.475,1214.536,27166.999,3179.967,1007.487,870.448,0,0,784.422,955.473,0,709.399,873.449,706.398
156.981,257.025,403.103,519.171,0,24847.277,353.075,317.055,0,0,362.08,234.014,0,122.969,301.047,293.043
1274.079,9226.863,3097.227,2171.658,0,0,1733.38,1563.27,0,0,1329.116,1341.124,0,1340.123,1441.19,1329.116
180.042,0,7889.882,606.39,0,0,320.146,266.104,0,0,245.087,178.04,0,178.04,172.036,191.049
364.969,527.017,800.114,1122.242,592.038,884.146,1030.204,716.082,800.114,879.143,842.13,604.042,60131.475,834.126,364.969,539.021
514.122,726.106,835.093,810.096,942.08,1163.049,1100.058,736.104,1373.015,50135.322,645.113,490.124,0,379.127,742.104,539.121
305.982,455.033,417.019,607.093,416.018,504.052,513.055,507.053,45221.454,0,593.087,458.034,0,379.005,423.021,334.991
1093.547,2253.857,1278.602,1373.629,30169.665,3504.141,1193.577,990.516,0,0,848.47,1039.531,0,782.448,925.495,767.443
156.981,257.025,403.103,519.171,0,27847.979,353.075,317.055,0,0,362.08,234.014,0,124.969,301.047,293.043
1446.229,10227.817,3415.501,2457.896,0,0,1931.554,1794.463,0,0,1471.246,1502.267,0,1490.259,1577.318,1533.288
182.04,0,8851.843,617.393,0,0,322.144,268.102,0,0,248.088,179.039,0,186.044,173.035,200.052
410.971,597.025,886.124,1172.234,644.04,948.148,1122.214,781.087,825.103,922.138,930.14,645.041,66135.381,897.129,548.01,571.017
559.135,777.121,917.107,906.11,983.101,1249.069,1323.059,764.122,1506.032,55139.068,684.128,515.137,0,418.138,818.118,575.135
305.982,455.033,417.019,607.093,416.018,504.052,513.055,507.053,50225.148,0,593.087,458.034,0,379.005,423.021,334.991
1207.613,2727.038,1456.69,1533.713,33172.367,3833.308,1351.657,1104.58,0,0,938.524,1101.579,0,905.513,1023.553,868.5
158.981,257.025,403.103,519.171,0,30848.675,353.075,317.055,0,0,362.08,234.014,0,124.969,301.047,293.043
1636.391,11228.781,3727.769,2744.134,0,0,2144.737,1997.636,0,0,1604.369,1662.409,0,1623.382,1784.493,1694.431
183.039,0,9790.781,629.399,0,0,335.151,269.101,0,0,267.099,180.038,0,191.045,180.038,203.053
419.966,635.027,962.138,1222.236,667.039,984.146,1175.217,817.087,891.113,988.148,959.137,657.035,72557.343,921.123,582.012,601.017
648.146,828.136,1097.113,998.122,1057.117,1488.068,1517.065,824.136,1661.045,60142.774,741.141,592.148,0,457.149,908.13,596.148
305.982,455.033,417.019,607.093,416.018,504.052,513.055,507.053,55228.674,0,593.087,458.034,0,379.005,423.021,334.991
1239.629,4410.423,1541.723,1552.726,36175.061,3909.344,1371.671,1115.589,0,0,955.535,1121.591,0,912.52,1034.562,887.511
158.981,257.025,403.103,519.171,0,33851.349,353.075,317.055,0,0,362.08,234.014,0,124.969,301.047,293.043
1970.649,12229.745,3979.987,2956.316,0,0,2433.962,2182.795,0,0,1759.502,1793.526,0,1753.498,1905.604,1885.59
187.041,0,10744.734,644.408,0,0,341.153,276.104,0,0,268.098,181.037,0,192.044,183.037,212.058
421.964,639.025,976.138,1306.262,712.048,998.146,1182.214,826.086,903.113,992.144,967.135,665.033,79330.777,924.12,585.009,614.018
724.166,892.16,1214.14,1324.13,1188.142,1792.084,1660.098,890.16,1883.073,65145.978,850.162,645.167,0,507.165,964.156,649.167
305.982,455.033,417.019,607.093,416.018,504.052,513.055,507.053,60231.962,0,593.087,458.034,0,379.005,423.021,334.991
1288.656,5831.808,1609.757,1586.75,39177.709,4061.412,1458.71,1151.611,0,0,974.55,1181.621,0,925.533,1060.58,922.532
161.982,257.025,403.103,519.171,0,36848.988,353.075,317.055,0,0,362.08,234.014,0,126.969,301.047,293.043
2126.783,13230.715,4210.187,3160.49,0,0,2657.149,2420.987,0,0,1891.618,2010.701,0,1999.694,2093.76,2046.727
189.041,0,11715.704,663.419,0,0,344.154,277.103,0,0,269.097,182.036,0,194.044,183.037,213.057
430.969,641.023,980.136,1315.261,714.046,1022.152,1184.212,846.09,909.111,994.142,974.134,673.033,86224.411,929.119,587.007,622.018
762.184,957.181,1395.159,1494.152,1391.159,2022.106,2004.108,970.176,2170.092,70149.32,962.18,702.184,0,534.18,1017.179,692.184
305.982,455.033,417.019,607.093,416.018,504.052,513.055,507.053,65235.22,0,593.087,458.034,0,379.005,423.021,334.991
1350.692,6955.147,1686.8,1660.792,42180.355,4157.482,1648.788,1257.661,0,0,1018.578,1233.653,0,996.57,1132.618,955.555
162.981,258.024,403.103,519.171,0,39847.62,353.075,317.055,0,0,362.08,235.013,0,127.968,301.047,293.043
2310.937,14231.693,4410.367,3359.661,0,0,2928.366,2663.183,0,0,2119.802,2174.841,0,2195.856,2256.899,2195.856
190.04,0,12680.668,673.425,0,0,352.158,278.102,0,0,274.098,184.036,0,200.046,184.036,215.057
434.965,680.034,984.136,1316.26,719.047,1060.164,1193.213,847.089,911.111,1031.153,975.133,674.032,93077.128,932.118,589.007,626.018
855.203,1032.202,1545.183,1634.178,1558.182,2231.135,2373.123,1043.201,2294.13,75152.778,1051.201,873.203,0,577.195,1094.198,761.201
305.982,455.033,417.019,607.093,416.018,504.052,513.055,507.053,70238.762,0,593.087,458.034,0,379.005,423.021,334.991
1402.726,8122.508,1718.83,1727.833,45182.997,4338.577,1727.833,1435.737,0,0,1103.621,1255.675,0,1028.594,1215.661,977.575
162.981,258.024,403.103,519.171,0,42848.292,353.075,317.055,0,0,362.08,235.013,0,127.968,301.047,295.043
2513.105,15232.667,4618.553,3555.831,0,0,3161.559,2864.352,0,0,2305.958,2386.014,0,2376.008,2472.076,2361.998
191.039,0,13644.631,676.424,0,0,356.158,285.105,0,0,275.097,196.042,0,201.045,190.038,217.057
434.965,680.034,984.136,1317.259,720.046,1061.163,1194.212,852.09,921.113,1033.153,977.133,674.032,100053.987,934.118,590.006,627.017
913.223,1145.225,1661.213,1853.205,1726.21,2442.17,2607.159,1159.225,2536.164,80156.268,1199.223,984.224,0,683.215,1171.225,815.221
305.982,455.033,417.019,607.093,416.018,504.052,513.055,507.053,75242.186,0,593.087,458.034,0,379.005,423.021,334.991
1435.747,9555.885,1815.873,1750.852,48185.653,4501.648,1765.857,1468.758,0,0,1131.639,1306.702,0,1058.612,1275.691,988.586
162.981,258.024,403.103,519.171,0,45848.938,353.075,317.055,0,0,362.08,235.013,0,127.968,303.047,295.043
2731.285,16233.637,4818.733,3738.992,0,0,3382.744,3148.58,0,0,2486.11,2605.195,0,2521.135,2647.225,2535.145
193.039,0,14602.588,710.45,0,0,357.157,286.104,0,0,276.096,198.042,0,201.045,191.037,218.056
455.968,686.034,986.134,1324.26,721.045,1062.162,1203.213,857.089,922.112,1036.152,984.134,675.031,106988.714,936.116,592.006,628.016
987.245,1250.25,1785.245,2110.234,1816.244,2629.211,3017.167,1207.249,2731.205,85159.616,1280.25,1096.248,0,799.237,1252.25,866.24
305.982,455.033,417.019,607.093,416.018,504.052,513.055,507.053,80245.632,0,593.087,458.034,0,379.005,423.021,334.991
1478.776,10751.264,1902.92,1866.908,51188.321,4703.746,1821.893,1518.79,0,0,1200.676,1370.738,0,1098.638,1301.713,1040.616
163.98,259.023,403.103,519.171,0,48841.594,354.074,319.055,0,0,363.079,236.012,0,127.968,303.047,298.044
2916.44,17234.615,4972.877,3892.129,0,0,3570.904,3345.745,0,0,2660.256,2895.425,0,2739.313,2810.364,2803.359
194.038,0,15574.559,719.455,0,0,369.165,289.105,0,0,277.095,198.042,0,202.044,191.037,220.056
455.968,711.041,986.134,1327.259,725.045,1066.162,1203.213,857.089,923.111,1039.153,985.133,691.035,113933.565,936.116,594.006,628.016
1037.265,1321.273,1924.274,2269.267,1876.274,2984.242,3335.225,1325.273,2838.248,90163.09,1445.275,1172.27,0,842.254,1355.273,1043.265
305.982,455.033,417.019,607.093,416.018,504.052,513.055,507.053,85249.0,0,593.087,458.034,0,379.005,423.021,334.991
1515.803,11767.62,2021.977,2081.997,54190.967,4830.823,1901.937,1651.851,0,0,1237.701,1427.771,0,1124.658,1415.767,1079.641
163.98,259.023,404.102,519.171,0,51837.227,354.074,319.055,0,0,363.079,236.012,0,129.968,305.047,300.044
3129.615,18235.597,5168.048,4049.268,0,0,3736.047,3514.89,0,0,2864.424,3129.615,0,2943.481,3079.579,2986.512
194.038,0,16534.518,731.463,0,0,390.18,290.104,0,0,277.095,199.041,0,203.043,192.036,224.058
455.968,711.041,987.133,1327.259,725.045,1066.162,1204.212,858.088,923.111,1040.152,985.133,692.034,120930.48,936.116,595.005,629.015
1179.291,1515.303,2019.309,2387.307,1995.309,3209.289,3821.267,1356.298,3145.291,95166.604,1476.302,1269.295,0,876.272,1425.301,1087.287
305.982,455.033,417.019,607.093,416.018,504.052,513.055,507.053,90252.586,0,593.087,458.034,0,379.005,423.021,334.991
1553.827,12836.961,2109.02,2390.113,57193.613,5013.906,1987.979,1693.877,0,0,1309.737,1455.791,0,1150.676,1458.792,1097.653
163.98,259.023,404.102,519.171,0,54837.889,354.074,321.055,0,0,363.079,236.012,0,129.968,305.047,300.044
3305.767,19236.577,5347.213,4234.431,0,0,3950.229,3761.094,0,0,3058.588,3341.793,0,3145.651,3266.738,3189.683
197.039,0,17497.48,752.478,0,0,391.179,294.106,0,0,278.094,202.042,0,203.043,192.036,229.059
460.969,712.04,987.133,1327.259,725.045,1066.162,1204.212,858.088,923.111,1040.152,986.132,692.034,127923.419,940.116,595.005,629.015
1267.315,1664.332,2123.341,2582.34,2125.341,3490.332,4157.315,1477.325,3276.336,100170.078,1510.326,1494.326,0,933.291,1504.326,1146.308
351.996,455.033,417.019,607.093,416.018,504.052,513.055,507.053,95209.822,0,593.087,458.034,0,379.005,423.021,334.991
1558.832,14680.44,2115.026,2409.124,60196.301,5031.92,1996.986,1698.882,0,0,1314.742,1467.799,0,1155.681,1467.799,1115.665
163.98,259.023,404.102,519.171,0,57835.604,355.073,321.055,0,0,365.079,236.012,0,131.968,305.047,300.044
3472.914,20237.557,5545.393,4418.595,0,0,4164.413,3994.291,0,0,3302.79,3523.951,0,3340.818,3479.919,3354.828
199.039,0,18476.458,755.477,0,0,393.179,295.105,0,0,280.094,210.046,0,206.044,193.035,229.059
461.968,713.039,988.132,1330.258,728.044,1086.168,1205.211,859.087,926.11,1041.151,1003.137,694.034,134869.133,942.116,596.004,630.014
1314.334,1784.358,2233.371,2693.377,2210.37,3889.371,4566.358,1571.349,3502.376,105173.36,1617.351,1533.347,0,969.307,1589.347,1220.328
351.996,455.033,417.019,607.093,416.018,504.052,513.055,507.053,100212.313,0,593.087,458.034,0,379.005,423.021,335.99
1625.865,15909.821,2302.101,2513.172,63199.005,5241.007,2066.021,1729.903,0,0,1348.762,1480.812,0,1172.694,1489.815,1132.678
163.98,259.023,404.102,519.171,0,60836.31,355.073,321.055,0,0,365.079,237.011,0,131.968,306.046,300.044
3702.107,21238.537,5724.56,4589.75,0,0,4355.58,4215.48,0,0,3477.943,3724.123,0,3537.987,3665.08,3605.036
200.038,0,19455.436,758.478,0,0,400.182,300.108,0,0,280.094,210.046,0,208.044,193.035,233.061
463.968,713.039,1004.136,1331.257,742.048,1102.172,1215.213,860.086,928.11,1042.15,1016.14,695.033,141791.93,943.115,598.004,631.013
1373.351,1942.382,2343.395,2857.405,2294.394,4122.406,5055.393,1610.366,3739.405,110176.832,1770.374,1557.363,0,1035.323,1625.367,1287.345
351.996,455.033,417.019,607.093,416.018,504.052,513.055,507.053,105215.749,0,593.087,458.034,0,379.005,423.021,335.99
1643.879,17504.275,2348.127,2541.192,66201.723,5370.066,2088.037,1740.914,0,0,1406.79,1500.826,0,1191.707,1525.835,1151.691
166.981,261.023,404.102,519.171,0,63834.029,355.073,321.055,0,0,365.079,237.011,0,131.968,306.046,300.044
3869.254,22239.523,5916.734,4762.905,0,0,4559.758,4434.667,0,0,3672.109,3952.315,0,3794.199,3816.215,3816.215
200.038,0,20420.4,779.493,0,0,400.182,301.107,0,0,283.095,213.047,0,211.045,194.034,237.063
466.967,725.041,1010.138,1338.258,743.047,1105.171,1230.218,860.086,929.109,1044.15,1016.14,703.035,148726.743,953.117,599.003,631.013
1423.373,2040.412,2436.428,3035.437,2417.427,4512.458,5563.451,1666.39,3899.457,115180.228,1824.4,1615.387,0,1079.341,1669.391,1362.368
352.995,455.033,417.019,607.093,416.018,504.052,513.055,507.053,110218.238,0,593.087,458.034,0,379.005,423.021,335.99
1695.909,18719.7,2471.162,2601.228,69204.431,5488.134,2195.088,1849.965,0,0,1454.818,1551.855,0,1207.721,1589.869,1187.713
168.981,261.023,404.102,519.171,0,66833.744,355.073,321.055,0,0,365.079,237.011,0,131.968,306.046,301.043
4026.395,23240.505,6070.882,4956.076,0,0,4749.926,4659.86,0,0,3880.287,4163.496,0,4026.395,4049.412,4010.383
200.038,0,21413.392,780.492,0,0,401.181,301.107,0,0,284.094,215.047,0,211.045,194.034,240.064
466.967,725.041,1011.137,1338.258,743.047,1105.171,1232.218,862.086,929.109,1046.15,1018.14,711.037,155696.625,953.117,599.003,648.018
1506.392,2074.43,2542.452,3245.475,2478.45,4898.496,6207.491,1711.407,4009.489,120183.78,1932.422,1681.405,0,1133.357,1709.407,1381.381
352.995,455.033,417.019,607.093,416.018,504.052,513.055,507.053,115220.727,0,593.087,458.034,0,379.005,423.021,336.989
1711.921,19698.012,2953.356,2715.27,72207.161,5526.164,2331.144,1882.984,0,0,1579.871,1579.871,0,1225.733,1599.879,1208.726
168.981,261.023,405.101,519.171,0,69796.446,355.073,321.055,0,0,365.079,237.011,0,170.981,306.046,301.043
4224.565,24241.495,6261.054,5099.209,0,0,4934.088,4829.011,0,0,4030.419,4348.657,0,4239.576,4317.634,4270.599
203.039,0,22385.363,789.497,0,0,403.181,310.112,0,0,287.095,215.047,0,212.044,195.033,241.063
466.967,725.041,1011.137,1338.258,744.046,1105.171,1232.218,863.085,930.108,1047.149,1020.14,712.036,162667.528,954.116,599.003,673.025
1536.412,2181.461,2592.484,3421.511,2575.483,5455.557,6641.561,1759.431,4207.539,125187.24,1973.447,1707.427,0,1172.374,1824.436,1430.402
352.995,455.033,418.018,607.093,416.018,504.052,513.055,507.053,120222.231,0,593.087,458.034,0,380.004,423.021,336.989
1827.973,20939.427,3012.391,2830.329,75209.853,5588.21,2402.181,2015.042,0,0,1683.919,1625.897,0,1236.744,1622.896,1226.74
168.981,261.023,405.101,519.171,0,72796.171,355.073,324.056,0,0,365.079,237.011,0,170.981,306.046,301.043
4403.724,25242.475,6428.213,5284.376,0,0,5132.264,5002.168,0,0,4317.66,4544.829,0,4443.754,4544.829,4451.76
205.039,0,23370.347,797.503,0,0,407.183,311.111,0,0,287.095,216.046,0,212.044,195.033,241.063
466.967,726.04,1011.137,1340.258,744.046,1106.17,1233.217,863.085,930.108,1047.149,1020.14,712.036,169642.465,954.116,621.009,675.025
1613.429,2232.478,2647.503,3548.544,2605.501,5883.595,7352.604,1782.444,4520.562,130190.812,2015.463,1719.439,0,1199.385,1847.449,1482.416
352.995,455.033,418.018,607.093,416.018,504.052,513.055,507.053,125222.782,0,593.087,458.034,0,380.004,426.022,336.989
1868.998,21512.674,3993.732,2869.356,78212.609,5663.259,2445.208,2031.058,0,0,1742.95,1680.926,0,1284.77,1648.914,1267.763
168.981,261.023,405.101,519.171,0,75798.935,355.073,324.056,0,0,365.079,237.011,0,170.981,306.046,301.043
4611.906,26243.465,6612.385,5450.53,0,0,5326.438,5241.375,0,0,4515.834,4747.007,0,4627.918,4794.042,4627.916
205.039,0,24338.314,810.512,0,0,410.184,311.111,0,0,288.094,216.046,0,222.05,197.033,245.065
467.966,726.04,1012.136,1342.258,744.046,1106.17,1251.227,863.085,931.107,1048.148,1021.139,712.036,176610.279,954.116,625.009,682.026
1617.433,2239.483,2661.509,3563.551,2610.506,7475.609,7497.617,1793.449,4609.583,135194.43,2060.47,1722.442,0,1207.389,1860.454,1495.421
352.995,455.033,418.018,607.093,416.018,504.052,513.055,507.053,130226.444,0,593.087,458.034,0,380.004,426.022,336.989
1965.042,22675.07,4235.828,3005.416,81215.367,5755.311,2486.233,2061.078,0,0,1813.985,1751.961,0,1293.779,1679.933,1286.776
168.981,261.023,405.101,519.171,0,78801.701,355.073,324.056,0,0,365.079,237.011,0,170.981,306.046,301.043
4799.073,27244.449,6800.561,5642.704,0,0,5564.646,5454.564,0,0,4719.013,4985.213,0,4807.079,4985.213,4799.073
207.039,0,25320.295,813.513,0,0,410.184,316.114,0,0,288.094,217.045,0,223.049,197.033,252.068
467.966,728.04,1013.135,1345.257,748.046,1109.169,1261.225,864.084,931.107,1048.148,1026.14,713.035,183579.066,957.115,627.009,682.026
1644.446,2276.5,2776.534,3667.579,2710.53,8069.669,8069.669,1854.466,4749.617,140198.008,2086.486,1790.46,0,1225.399,1880.468,1578.44
352.995,455.033,418.018,607.093,416.018,504.052,513.055,507.053,135230.0,0,593.087,458.034,0,380.004,426.022,336.989
2100.105,23339.376,4988.09,3087.462,84218.141,5850.374,2565.276,2106.107,0,0,1844.007,1788.986,0,1307.793,1729.963,1303.791
168.981,261.023,405.101,519.171,0,81804.469,355.073,324.056,0,0,365.079,237.011,0,170.981,306.046,301.043
5020.266,28245.435,6978.729,5826.872,0,0,5754.818,5650.74,0,0,4979.235,5158.37,0,5036.278,5175.383,4978.234
207.039,0,26290.264,816.514,0,0,412.184,338.128,0,0,292.096,217.045,0,223.049,197.033,252.068
467.966,728.04,1013.135,1345.257,748.046,1109.169,1261.225,864.084,931.107,1048.148,1026.14,713.035,190581.074,957.115,627.009,684.026
1661.453,2353.513,2810.544,3719.587,2731.539,9625.699,8156.692,1882.474,4790.632,145201.698,2099.493,1801.467,0,1232.404,1900.476,1612.448
352.995,455.033,418.018,607.093,416.018,504.052,513.055,507.053,140233.632,0,593.087,458.034,0,380.004,426.022,336.989
2119.118,24518.709,5186.176,3343.56,87220.913,5984.432,2595.294,2115.116,0,0,1918.041,1809.999,0,1323.803,1786.99,1310.798
170.981,261.023,405.101,519.171,0,84805.241,355.073,324.056,0,0,365.079,237.011,0,170.981,306.046,301.043
5219.441,29246.421,7162.899,5995.026,0,0,5938.984,5841.911,0,0,5219.441,5400.578,0,5194.422,5408.584,5177.409
216.044,0,27268.241,823.517,0,0,414.184,338.128,0,0,293.095,217.045,0,226.05,198.032,252.068
468.965,731.039,1019.135,1355.259,749.045,1111.167,1280.23,866.082,937.107,1060.15,1041.143,714.034,197482.58,979.121,628.008,685.025
1673.457,2361.517,2816.548,3861.603,2752.544,11257.537,8173.701,1885.477,4825.639,150205.158,2109.497,1803.469,0,1236.406,1903.479,1615.451
354.995,455.033,418.018,607.093,417.017,504.052,513.055,507.053,145229.19,0,593.087,458.034,0,380.004,431.023,336.989
2171.146,25887.211,5261.221,3575.654,90223.667,6030.47,2653.326,2159.142,0,0,1947.06,1839.018,0,1333.813,1823.012,1323.809
170.981,269.027,405.101,519.171,0,87799.983,355.073,324.056,0,0,365.079,237.011,0,170.981,306.046,301.043
5382.59,30247.405,7361.081,6152.173,0,0,6152.173,6054.099,0,0,5424.622,5640.786,0,5390.596,5603.755,5390.596
218.044,0,28262.234,823.517,0,0,414.184,339.127,0,0,293.095,219.045,0,226.05,198.032,254.068
473.964,732.038,1021.133,1362.258,778.052,1122.17,1282.228,872.082,940.106,1069.151,1062.148,716.032,204367.097,982.12,640.01,691.025
1673.457,2361.517,2816.548,3861.603,2752.544,13138.496,8173.701,1885.477,4825.639,155208.776,2109.497,1803.469,0,1236.406,1903.479,1615.451
354.995,455.033,418.018,607.093,417.017,504.052,513.055,507.053,150232.794,0,593.087,458.034,0,380.004,431.023,336.989
2308.211,26600.554,5429.305,3864.775,93226.439,6202.558,2771.384,2240.185,0,0,1991.088,1889.048,0,1412.854,1873.042,1422.858
170.981,270.026,405.101,519.171,0,90801.76,355.073,324.056,0,0,365.079,237.011,0,170.981,306.046,301.043
5582.768,31248.397,7522.236,6337.342,0,0,6353.354,6246.273,0,0,5606.786,5827.955,0,5624.8,5835.961,5615.793
218.044,0,29210.181,873.557,0,0,415.183,339.127,0,0,294.094,219.045,0,227.049,198.032,254.068
473.964,733.037,1022.132,1363.257,781.051,1128.17,1283.227,873.081,949.107,1071.149,1063.147,717.031,211340.693,983.119,641.009,692.024
1673.457,2361.517,2816.548,3861.603,2752.544,15108.376,8173.701,1885.477,4825.639,160212.536,2109.497,1803.469,0,1236.406,1903.479,1615.451
354.995,455.033,418.018,607.093,417.017,504.052,513.055,507.053,155236.482,0,593.087,458.034,0,380.004,431.023,336.989
2316.219,28400.962,5471.331,3917.802,96229.219,6234.582,2791.398,2248.193,0,0,1999.096,1896.055,0,1421.861,1880.049,1428.864
170.981,270.026,405.101,519.171,0,93802.546,355.073,324.056,0,0,365.079,239.011,0,170.981,306.046,301.043
5796.958,32249.381,7711.413,6501.496,0,0,6543.528,6426.439,0,0,5778.944,6070.167,0,5813.971,6096.187,5813.971
218.044,0,30203.173,877.559,0,0,415.183,340.126,0,0,294.094,220.044,0,227.049,199.031,255.067
476.963,738.036,1031.133,1370.256,785.051,1133.169,1290.226,877.081,957.107,1085.151,1065.145,721.031,218256.117,990.118,644.008,698.024
1673.457,2361.517,2816.548,3861.603,2752.544,17020.434,8173.701,1885.477,4825.639,165215.882,2109.497,1803.469,0,1236.406,1903.479,1615.451
355.994,465.035,419.017,607.093,417.017,506.052,513.055,507.053,160196.731,0,593.087,463.035,0,384.004,443.027,344.991
2316.219,30358.595,5471.331,3917.802,99232.015,6234.582,2791.398,2248.193,0,0,1999.096,1896.055,0,1421.861,1880.049,1428.864
170.981,270.026,405.101,519.171,0,96805.348,355.073,324.056,0,0,365.079,239.011,0,170.981,306.046,301.043
5962.109,33250.371,7885.577,6684.663,0,0,6718.689,6642.631,0,0,6006.143,6274.349,0,5997.136,6317.382,6066.189
221.045,0,31196.165,878.558,0,0,419.185,340.126,0,0,294.094,220.044,0,227.049,199.031,255.067
477.962,739.035,1085.149,1372.254,794.052,1153.173,1301.227,912.09,960.106,1086.15,1067.143,722.03,225099.545,1002.12,651.009,699.023
1673.457,2361.517,2816.548,3861.603,2752.544,18860.464,8173.701,1885.477,4825.639,170219.31,2109.497,1803.469,0,1236.406,1903.479,1615.451
355.994,465.035,419.017,607.093,418.016,506.052,514.054,509.053,165191.144,0,593.087,464.034,0,384.004,445.027,346.991
2366.245,31850.15,5650.404,3957.818,102234.803,6263.607,2822.417,2271.208,0,0,2028.113,1905.064,0,1501.899,1899.062,1439.873
170.981,270.026,405.101,519.171,0,99808.148,355.073,324.056,0,0,365.079,239.011,0,170.981,306.046,301.043
6164.291,34251.365,8052.738,6869.834,0,0,6929.88,6842.811,0,0,6190.311,6496.547,0,6173.298,6523.568,6313.406
225.047,0,32188.156,878.558,0,0,420.184,340.126,0,0,297.095,220.044,0,228.048,199.031,255.067
477.962,741.035,1085.149,1373.253,796.054,1153.173,1301.227,912.09,960.106,1094.152,1067.143,723.029,232087.343,1002.12,652.008,700.022
1733.471,2379.529,2850.562,3940.622,2778.558,19913.667,8432.732,2003.497,4981.663,175222.93,2119.507,1824.48,0,1347.427,1922.49,1635.461
355.994,465.035,419.017,607.093,418.016,506.052,514.054,509.053,170194.764,0,593.087,464.034,0,384.004,445.027,346.991
2391.258,33500.638,5674.42,4049.864,105237.611,6288.624,2867.438,2277.214,0,0,2060.129,1944.083,0,1509.905,1904.067,1488.896
170.981,270.026,405.101,519.171,0,102810.948,355.073,324.056,0,0,365.079,239.011,0,170.981,306.046,301.043
6346.457,35252.357,8232.908,7007.968,0,0,7130.062,7042.995,0,0,6453.54,6718.745,0,6382.485,6727.752,6515.588
225.047,0,33153.12,908.582,0,0,420.184,343.127,0,0,297.095,221.043,0,228.048,200.03,256.066
477.962,741.035,1085.149,1373.253,799.053,1153.173,1301.227,912.09,960.106,1094.152,1067.143,723.029,239088.304,1002.12,652.008,700.022
1812.494,2417.551,2907.589,4344.674,2877.587,20276.816,8648.804,2074.52,5434.72,180226.408,2160.528,1859.499,0,1394.444,1952.508,1699.481
355.994,466.034,419.017,607.093,418.016,508.052,514.054,511.053,175191.211,0,593.087,464.034,0,384.004,445.027,348.991
2391.258,35494.175,5674.42,4049.864,108240.413,6288.624,2867.438,2277.214,0,0,2060.129,1944.083,0,1509.905,1904.067,1488.896
170.981,270.026,405.101,519.171,0,105806.729,355.073,328.058,0,0,368.08,239.011,0,170.981,306.046,301.043
6551.64,36253.343,8388.057,7202.144,0,0,7325.239,7237.171,0,0,6694.751,6935.938,0,6614.689,6908.917,6694.751
227.047,0,34135.101,917.587,0,0,426.188,343.127,0,0,299.095,221.043,0,228.048,200.03,256.066
478.961,741.035,1086.148,1373.253,799.053,1154.172,1315.231,914.09,961.105,1094.152,1068.142,723.029,246071.147,1002.12,652.008,700.022
1911.513,2467.567,2950.606,4500.702,2976.608,20722.908,9240.836,2096.532,5796.76,185229.734,2205.543,1873.509,0,1414.454,1971.519,1711.491
356.993,466.034,420.016,607.093,434.022,512.052,515.053,515.053,180161.506,0,593.087,466.034,0,386.004,446.026,349.99
2391.258,37461.66,5674.42,4049.864,111243.203,6288.624,2867.438,2277.214,0,0,2060.129,1944.083,0,1509.905,1904.067,1488.896
170.981,270.026,405.101,519.171,0,108809.541,355.073,328.058,0,0,368.08,239.011,0,170.981,306.046,301.043
6744.815,37254.333,8550.213,7340.278,0,0,7518.416,7429.347,0,0,6907.942,7187.159,0,6844.893,7133.117,6898.935
227.047,0,35123.088,917.587,0,0,438.196,344.126,0,0,299.095,221.043,0,228.048,200.03,256.066
478.961,744.034,1086.148,1374.252,800.052,1154.172,1317.231,915.089,961.105,1100.152,1069.141,724.028,253054.835,1003.119,654.008,701.021
1923.521,2536.582,2994.62,4705.729,3079.627,20937.977,9582.894,2142.544,6571.761,190233.032,2216.552,1925.521,0,1429.461,2046.534,1727.499
356.993,468.034,421.015,615.095,436.022,512.052,515.053,515.053,185131.807,0,594.086,468.034,0,400.008,449.027,349.99
2391.258,39429.109,5674.42,4049.864,114246.015,6288.624,2867.438,2277.214,0,0,2060.129,1944.083,0,1509.905,1904.067,1488.896
170.981,270.026,405.101,519.171,0,111812.353,355.073,328.058,0,0,368.08,239.011,0,170.981,306.046,301.043
6939.992,38255.327,8731.384,7515.441,0,0,7713.595,7623.525,0,0,7160.164,7406.356,0,6995.035,7356.316,7115.129
231.049,0,36109.073,921.589,0,0,438.196,344.126,0,0,302.096,221.043,0,230.048,200.03,258.066
482.961,747.033,1090.146,1385.253,806.052,1156.17,1319.229,933.093,966.104,1103.151,1072.14,747.033,259969.148,1005.117,656.006,702.02
1923.521,2536.582,2994.62,4705.729,3079.627,20937.977,9582.894,2142.544,8482.766,195236.298,2216.552,1925.521,0,1429.461,2046.534,1727.499
358.993,483.039,421.015,617.095,459.029,513.051,516.052,520.054,190074.0,0,600.088,470.034,0,401.007,450.026,351.99
2391.258,41368.554,5674.42,4049.864,117248.827,6288.624,2867.438,2277.214,0,0,2060.129,1944.083,0,1509.905,1904.067,1488.896
171.98,270.026,405.101,519.171,0,114813.171,355.073,328.058,0,0,368.08,239.011,0,171.98,306.046,301.043
7140.174,39256.317,8906.551,7693.607,0,0,7904.772,7840.722,0,0,7381.363,7611.543,0,7187.211,7574.514,7316.312
231.049,0,37088.051,938.602,0,0,441.197,344.126,0,0,302.096,222.042,0,230.048,201.029,258.066
483.96,748.032,1099.147,1406.258,815.053,1170.172,1326.228,935.091,971.103,1112.152,1077.139,751.033,266850.408,1014.118,675.011,709.021
1923.521,2536.582,2994.62,4705.729,3079.627,20937.977,9582.894,2142.544,10360.776,200239.574,2216.552,1925.521,0,1429.461,2046.534,1727.499
359.992,483.039,421.015,617.095,459.029,513.051,516.052,520.054,195068.453,0,606.09,472.034,0,401.007,450.026,351.99
2391.258,43360.099,5674.42,4049.864,120251.647,6288.624,2867.438,2277.214,0,0,2060.129,1944.083,0,1509.905,1904.067,1488.896
171.98,270.026,405.101,519.171,0,117815.991,355.073,328.058,0,0,368.08,239.011,0,171.98,306.046,301.043
7338.354,40257.307,9069.708,7842.75,0,0,8082.938,8027.895,0,0,7628.582,7814.728,0,7441.435,7786.706,7525.501
233.049,0,38063.025,948.61,0,0,442.196,346.126,0,0,313.103,222.042,0,230.048,201.029,258.066
486.959,749.031,1100.146,1408.256,819.053,1176.172,1331.227,936.09,972.102,1152.164,1078.138,752.032,273757.846,1032.122,686.012,710.02
1923.521,2536.582,2994.62,4705.729,3079.627,20937.977,9582.894,2142.544,12264.912,205242.936,2216.552,1925.521,0,1429.461,2046.534,1727.499
359.992,488.04,425.015,621.095,460.028,514.05,517.051,521.053,200039.629,0,607.089,476.034,0,402.006,454.026,356.991
2391.258,45328.581,5674.42,4049.864,123254.463,6288.624,2867.438,2277.214,0,0,2060.129,1944.083,0,1509.905,1904.067,1488.896
171.98,270.026,405.101,519.171,0,120818.813,355.073,328.058,0,0,368.08,239.011,0,171.98,306.046,301.043
7565.557,41258.295,9248.877,8036.928,0,0,8280.119,8222.073,0,0,7811.751,8027.921,0,7650.624,7980.884,7735.691
233.049,0,39060.021,950.61,0,0,442.196,346.126,0,0,313.103,222.042,0,231.047,201.029,259.065
486.959,750.03,1136.156,1411.255,820.052,1177.171,1332.226,937.089,975.101,1158.164,1079.137,753.031,280697.328,1033.121,687.011,717.021
1931.529,2589.595,3035.633,5476.782,3100.638,21101.028,10114.928,2157.553,12456.974,210246.236,2226.56,1940.53,0,1453.469,2117.549,1747.507
361.992,493.041,425.015,621.095,460.028,514.05,517.051,522.052,205032.084,0,609.089,476.034,0,402.006,454.026,357.99
2391.258,47318.174,5674.42,4049.864,126257.285,6288.624,2867.438,2277.214,0,0,2060.129,1944.083,0,1509.905,1904.067,1488.896
171.98,270.026,405.101,519.171,0,123821.637,355.073,328.058,0,0,368.08,239.011,0,171.98,306.046,301.043
7715.699,42259.289,9397.023,8198.081,0,0,8481.304,8425.26,0,0,8083.991,8226.103,0,7903.849,8189.074,7941.879
233.049,0,40050.01,957.615,0,0,442.196,349.127,0,0,314.102,222.042,0,231.047,201.029,259.065
514.965,750.03,1143.157,1413.255,821.051,1178.17,1336.226,938.088,975.101,1159.163,1080.136,754.03,287638.954,1047.125,687.011,718.02
1987.539,2627.603,3052.64,5513.793,3149.647,21289.064,10704.962,2197.559,13343.008,215249.66,2231.565,1946.534,0,1457.473,2124.554,1762.512
361.992,493.041,433.017,633.099,460.028,516.05,518.05,522.052,210008.453,0,609.089,476.034,0,402.006,458.026,357.99
2391.258,49291.625,5674.42,4049.864,129260.117,6288.624,2867.438,2277.214,0,0,2060.129,1944.083,0,1509.905,1904.067,1488.896
171.98,270.026,405.101,519.171,0,126824.477,355.073,328.058,0,0,368.08,239.011,0,171.98,306.046,301.043
7926.892,43260.283,9599.211,8369.242,0,0,8665.476,8627.446,0,0,8283.174,8436.295,0,8100.029,8369.242,8187.098
237.051,0,41027.987,972.626,0,0,443.195,349.127,0,0,314.102,224.042,0,231.047,202.028,259.065
515.964,753.029,1143.157,1414.254,823.051,1180.17,1338.226,938.088,976.1,1169.165,1081.135,754.03,294613.577,1048.124,688.01,722.02
1998.546,2678.616,3075.651,6700.85,3178.66,21590.129,10805.997,2210.57,13463.05,220252.946,2239.573,1980.544,0,1472.48,2147.563,1817.525
362.991,498.042,433.017,634.098,461.027,517.049,518.05,523.051,214974.702,0,631.097,477.033,0,406.006,458.026,357.99
2391.258,51255.208,5674.42,4049.864,132262.947,6288.624,2867.438,2277.214,0,0,2060.129,1944.083,0,1509.905,1904.067,1488.896
171.98,270.026,405.101,519.171,0,129827.303,355.073,328.058,0,0,368.08,239.011,0,171.98,306.046,301.043
8149.094,44261.271,9773.379,8528.395,0,0,8876.671,8828.633,0,0,8490.365,8654.495,0,8315.226,8586.441,8363.264
240.052,0,42025.984,972.626,0,0,443.195,349.127,0,0,314.102,224.042,0,231.047,202.028,259.065
515.964,753.029,1148.158,1416.254,824.05,1181.169,1339.225,943.089,980.1,1169.165,1081.135,755.029,301596.316,1049.123,688.01,722.02
2005.553,2704.626,3159.667,8005.937,3187.669,21700.187,10953.03,2279.583,13553.088,225256.388,2289.579,2023.555,0,1491.487,2154.57,1830.532
362.991,498.042,435.017,634.098,461.027,517.049,518.05,523.051,219975.203,0,631.097,477.033,0,406.006,458.026,358.989
2391.258,53252.855,5674.42,4049.864,135265.803,6288.624,2867.438,2277.214,0,0,2060.129,1944.083,0,1509.905,1904.067,1488.896
171.98,270.026,405.101,519.171,0,132830.153,355.073,328.058,0,0,368.08,239.011,0,171.98,306.046,301.043
8325.258,45262.269,9947.545,8708.563,0,0,9050.835,9050.835,0,0,8689.548,8894.711,0,8503.4,8826.657,8570.453
240.052,0,43015.973,975.627,0,0,443.195,350.126,0,0,319.105,224.042,0,232.046,202.028,260.064
515.964,753.029,1149.157,1417.253,824.05,1181.169,1339.225,944.088,980.1,1169.165,1083.135,755.029,308595.111,1049.123,688.01,722.02
2030.562,2736.638,3227.683,8310.974,3264.686,21944.255,11265.072,2335.597,14312.135,230259.866,2348.598,2030.562,0,1496.492,2168.578,1862.542
362.991,499.041,435.017,634.098,461.027,517.049,520.05,523.051,224975.702,0,631.097,477.033,0,406.006,458.026,358.989
2391.258,55250.396,5674.42,4049.864,138268.635,6288.624,2867.438,2277.214,0,0,2060.129,1944.083,0,1509.905,1904.067,1488.896
171.98,270.026,405.101,519.171,0,135832.987,355.073,328.058,0,0,368.08,239.011,0,171.98,306.046,301.043
8510.429,46263.259,10109.701,8877.722,0,0,9243.013,9233.005,0,0,8917.754,9074.879,0,8768.635,9045.856,8788.651
240.052,0,43962.919,989.637,0,0,480.222,350.126,0,0,322.106,224.042,0,232.046,202.028,260.064
516.963,754.028,1149.157,1417.253,824.05,1189.171,1341.225,944.088,994.104,1178.166,1084.134,755.029,315558.737,1051.123,689.009,723.019
2055.571,2842.656,3388.706,8756.015,3360.704,22114.315,11668.107,2349.605,14729.194,235263.23,2401.611,2060.572,0,1511.499,2187.587,1868.548
363.99,499.041,436.016,639.099,462.026,518.048,521.049,523.051,229960.914,0,632.096,482.034,0,407.005,459.025,358.989
2391.258,57232.918,5674.42,4049.864,141271.459,6288.624,2867.438,2277.214,0,0,2060.129,1944.083,0,1509.905,1904.067,1488.896
171.98,270.026,405.101,519.171,0,138835.831,355.073,328.058,0,0,368.08,239.011,0,171.98,306.046,301.043
8688.597,47264.243,10285.871,9059.894,0,0,9448.204,9429.189,0,0,9089.918,9290.078,0,9009.854,9270.062,8999.846
242.052,0,44957.913,989.637,0,0,480.222,350.126,0,0,322.106,228.044,0,232.046,202.028,260.064
516.963,754.028,1150.156,1418.252,825.049,1197.173,1346.226,946.088,994.104,1178.166,1084.134,756.028,322543.48,1051.123,689.009,723.019
2067.577,2864.664,3403.715,8952.041,3370.712,22328.363,13019.176,2382.614,14798.225,240266.61,2434.62,2069.577,0,1519.503,2192.592,1872.552
363.99,500.04,436.016,639.099,462.026,518.048,521.049,524.05,234962.306,0,632.096,482.034,0,407.005,459.025,358.989
2391.258,59231.45,5674.42,4049.864,144274.323,6288.624,2867.438,2277.214,0,0,2060.129,1944.083,0,1509.905,1904.067,1488.896
171.98,270.026,405.101,519.171,0,141838.683,355.073,328.058,0,0,368.08,239.011,0,171.98,306.046,301.043
8892.785,48265.239,10465.042,9227.053,0,0,9639.383,9649.391,0,0,9319.125,9468.246,0,9217.045,9478.254,9217.045
242.052,0,45931.886,1010.654,0,0,481.221,352.126,0,0,322.106,229.043,0,232.046,204.028,260.064
516.963,755.027,1150.156,1422.252,825.049,1198.172,1348.226,959.091,1000.104,1179.165,1091.135,756.028,329502.143,1052.122,697.011,724.018
2088.588,2893.679,3613.747,9130.083,3389.727,22598.453,13448.243,2413.627,15371.298,245269.984,2494.636,2106.59,0,1541.513,2220.604,1920.566
363.99,500.04,436.016,639.099,462.026,518.048,521.049,524.05,239965.9,0,632.096,482.034,0,407.005,459.025,358.989
2392.259,61094.01,5674.42,4049.864,147277.167,6288.624,2867.438,2279.216,0,0,2082.139,1956.089,0,1520.912,1907.07,1575.935
171.98,270.026,405.101,519.171,0,144841.511,355.073,328.058,0,0,368.08,239.011,0,171.98,306.046,301.043
9082.961,49266.227,10639.208,9410.224,0,0,9824.556,9836.566,0,0,9522.314,9694.452,0,9450.256,9684.444,9430.24
242.052,0,46927.881,1011.653,0,0,481.221,352.126,0,0,326.108,229.043,0,232.046,204.028,260.064
516.963,755.027,1152.156,1422.252,829.049,1198.172,1358.228,959.091,1000.104,1179.165,1091.135,761.029,336479.863,1052.122,702.012,724.018
2135.597,2900.684,3646.756,10395.152,3397.733,22693.488,13520.265,2505.635,15631.328,250273.46,2501.641,2110.594,0,1546.516,2270.614,1949.573
363.99,500.04,436.016,639.099,462.026,518.048,521.049,524.05,244967.466,0,632.096,482.034,0,407.005,459.025,360.989
2401.268,62886.668,5691.433,4079.876,150280.015,6304.636,2893.454,2291.226,0,0,2133.164,1964.097,0,1533.921,1921.08,1585.943
171.98,270.026,405.101,519.171,0,147844.369,355.073,328.058,0,0,368.08,239.011,0,171.98,306.046,301.043
9281.143,50267.223,10800.363,9549.359,0,0,10019.737,10040.754,0,0,9744.516,9917.655,0,9672.458,9897.639,9653.441
242.052,0,47925.878,1011.653,0,0,481.221,352.126,0,0,326.108,229.043,0,234.046,204.028,261.063
516.963,755.027,1152.156,1422.252,829.049,1198.172,1358.228,959.091,1000.104,1179.165,1091.135,761.029,343483.863,1052.122,702.012,724.018
2170.61,2917.697,3705.775,10978.217,3416.748,22913.578,14063.336,2533.655,15889.396,255277.09,2544.656,2198.614,0,1558.524,2346.632,1968.584
363.99,500.04,436.016,639.099,462.026,518.048,521.049,524.05,249971.054,0,632.096,482.034,0,407.005,459.025,360.989
2475.302,64405.202,5730.458,4120.905,153282.855,6390.678,2939.478,2365.26,0,0,2164.181,1978.107,0,1574.942,1948.095,1594.95
171.98,270.026,405.101,519.171,0,150847.231,355.073,328.058,0,0,368.08,239.011,0,171.98,306.046,301.043
9459.311,51268.219,10952.513,9708.512,0,0,10215.921,10277.971,0,0,9978.73,10122.846,0,9885.655,10102.83,9874.646
243.051,0,48913.865,1017.657,0,0,483.221,355.127,0,0,327.107,229.043,0,234.046,204.028,261.063
516.963,755.027,1152.156,1422.252,829.049,1198.172,1358.228,959.091,1000.104,1179.165,1091.135,761.029,350487.987,1052.122,702.012,724.018
2190.622,2996.718,3826.802,11549.286,3520.772,23309.678,14472.407,2565.669,16040.463,260280.742,2562.668,2245.629,0,1571.533,2371.645,1982.594
363.99,500.04,436.016,640.098,462.026,518.048,521.049,524.05,254962.564,0,635.097,484.034,0,407.005,465.027,360.989
2480.307,66279.752,5738.466,4130.913,156285.715,6402.688,2947.484,2369.264,0,0,2171.186,2012.123,0,1580.946,1958.101,1604.956
171.98,270.026,405.101,519.171,0,153850.083,355.073,328.058,0,0,368.08,239.011,0,171.98,306.046,301.043
9641.483,52269.209,11150.701,9904.696,0,0,10396.093,10437.126,0,0,10197.933,10344.051,0,10134.882,10302.017,10071.831
243.051,0,49911.862,1020.658,0,0,483.221,355.127,0,0,327.107,229.043,0,234.046,204.028,261.063
516.963,755.027,1152.156,1422.252,829.049,1198.172,1358.228,959.091,1000.104,1179.165,1091.135,761.029,357492.077,1052.122,702.012,724.018
2204.634,3027.735,4130.836,11713.348,3623.799,23567.792,15029.496,2631.689,16367.55,265284.248,2601.685,2280.644,0,1615.547,2400.66,2011.607
363.99,500.04,436.016,640.098,462.026,518.048,521.049,524.05,259966.222,0,635.097,484.034,0,407.005,465.027,360.989
2511.324,67915.267,5777.491,4245.962,159288.591,6461.721,2989.506,2383.274,0,0,2186.197,2019.13,0,1586.952,1975.112,1624.968
171.98,270.026,405.101,519.171,0,156852.951,355.073,328.058,0,0,368.08,239.011,0,171.98,306.046,301.043
9808.642,53270.207,11321.866,10073.857,0,0,10580.267,10664.335,0,0,10412.131,10559.25,0,10338.071,10538.233,10286.029
243.051,0,50907.857,1020.658,0,0,483.221,355.127,0,0,327.107,233.045,0,234.046,205.027,261.063
516.963,755.027,1152.156,1422.252,829.049,1198.172,1358.228,959.091,1000.104,1179.165,1091.135,761.029,364496.073,1052.122,702.012,724.018
2218.644,3065.751,4536.902,11923.4,3656.816,23740.881,15259.556,2665.703,17037.636,270287.83,2674.704,2297.655,0,1651.559,2429.673,2048.62
363.99,500.04,436.016,640.098,462.026,518.048,521.049,524.05,264969.906,0,635.097,484.034,0,407.005,465.027,360.989
2639.382,69073.887,5980.58,4346.012,162291.455,6536.768,3076.549,2430.301,0,0,2225.22,2061.154,0,1651.985,2000.129,1655.987
171.98,270.026,405.101,519.171,0,159855.817,355.073,328.058,0,0,368.08,239.011,0,171.98,306.046,301.043
10001.823,54271.203,11517.051,10233.01,0,0,10790.463,10875.532,0,0,10610.317,10790.463,0,10525.248,10758.437,10482.213
243.051,0,51891.84,1032.666,0,0,485.221,357.127,0,0,327.107,233.045,0,235.045,205.027,261.063
516.963,755.027,1152.156,1422.252,829.049,1198.172,1358.228,959.091,1000.104,1179.165,1091.135,761.029,371500.375,1052.122,702.012,724.018
2224.65,3093.761,4571.915,12968.479,3673.825,23991.936,15414.597,2671.709,17302.681,275291.746,2708.714,2337.665,0,1660.564,2444.68,2142.638
363.99,500.04,436.016,640.098,462.026,518.048,521.049,524.05,269973.756,0,635.097,484.034,0,407.005,465.027,360.989
2706.417,69975.36,6095.639,4500.082,165294.321,6590.808,3413.686,2467.324,0,0,2443.314,2116.179,0,1661.995,2039.152,1668.998
171.98,270.026,405.101,519.171,0,162858.679,355.073,328.058,0,0,368.08,239.011,0,171.98,306.046,301.043
10210.015,55272.193,11695.221,10425.19,0,0,10973.636,11079.722,0,0,10855.54,10951.618,0,10748.453,10962.627,10684.401
243.051,0,52885.833,1032.666,0,0,485.221,357.127,0,0,329.107,234.044,0,235.045,205.027,265.065
516.963,755.027,1152.156,1422.252,829.049,1198.172,1358.228,959.091,1000.104,1179.165,1091.135,761.029,378504.649,1052.122,702.012,724.018
2234.66,3172.782,4843.959,13442.549,3721.845,24237.037,15621.666,2725.727,17494.755,280295.606,3038.766,2357.677,0,1692.576,2462.692,2161.649
363.99,500.04,436.016,640.098,462.026,518.048,521.049,524.05,274977.668,0,635.097,484.034,0,407.005,465.027,360.989
2873.492,71195.946,6232.708,4610.138,168297.181,6659.855,3452.713,2492.343,0,0,2495.344,2167.212,0,1680.009,2123.194,1697.016
171.98,270.026,405.101,519.171,0,165861.549,355.073,328.058,0,0,368.08,239.011,0,171.98,306.046,301.043
10395.19,56273.187,11863.385,10569.332,0,0,11154.809,11273.906,0,0,11079.748,11186.835,0,10971.66,11208.853,10884.589
245.051,0,53877.824,1039.671,0,0,485.221,357.127,0,0,329.107,234.044,0,235.045,205.027,265.065
516.963,755.027,1152.156,1422.252,829.049,1198.172,1358.228,959.091,1000.104,1179.165,1091.135,761.029,385509.173,1052.122,702.012,724.018
2327.683,3192.798,5108.005,13880.635,3795.867,24600.152,15833.742,2819.751,17714.839,285299.502,3099.787,2406.694,0,1711.587,2516.71,2200.664
363.99,500.04,436.016,640.098,462.026,518.048,521.049,524.05,279981.474,0,635.097,484.034,0,407.005,465.027,360.989
3011.554,72454.49,6353.767,4705.185,171300.061,6720.894,3525.75,2536.367,0,0,2510.357,2275.262,0,1744.041,2137.206,1706.025
171.98,270.026,405.101,519.171,0,168864.429,355.073,328.058,0,0,368.08,239.011,0,171.98,306.046,301.043
10574.359,57274.183,12033.549,10739.494,0,0,11363.003,11471.091,0,0,11307.958,11395.029,0,11220.887,11406.038,11078.771
245.051,0,54865.811,1047.677,0,0,489.223,357.127,0,0,329.107,234.044,0,235.045,205.027,266.064
516.963,755.027,1152.156,1422.252,829.049,1198.172,1358.228,959.091,1000.104,1179.165,1091.135,761.029,392513.447,1052.122,702.012,724.018
2372.696,3250.814,5230.031,14150.663,3895.891,24904.232,16003.794,2851.763,18492.927,290303.296,3113.797,2482.712,0,1717.593,2526.718,2215.673
363.99,500.04,436.016,640.098,462.026,518.048,521.049,524.05,284985.38,0,635.097,484.034,0,407.005,465.027,360.989
3060.587,73611.15,6426.822,4911.281,174302.927,6798.952,3606.797,2700.445,0,0,2536.379,2327.294,0,1804.075,2171.23,1727.042
171.98,270.026,405.101,519.171,0,171867.295,355.073,328.058,0,0,368.08,239.011,0,171.98,306.046,301.043
10765.538,58275.177,12203.713,10920.665,0,0,11571.197,11681.287,0,0,11505.143,11571.197,0,11439.089,11626.242,11307.982
245.051,0,55860.805,1048.676,0,0,489.223,362.13,0,0,329.107,234.044,0,235.045,205.027,266.064
516.963,755.027,1152.156,1422.252,829.049,1198.172,1358.228,959.091,1000.104,1179.165,1091.135,761.029,399517.887,1052.122,702.012,724.018
2384.704,3262.824,5714.087,14653.752,3926.904,25060.296,16336.851,2887.775,18829.988,295307.322,3133.807,2494.72,0,1734.6,2538.726,2250.684
363.99,500.04,436.016,640.098,462.026,518.048,521.049,524.05,289989.326,0,635.097,484.034,0,407.005,465.027,360.989
3254.671,74774.675,6521.869,4992.324,177305.797,6891.002,3654.825,2795.49,0,0,2564.397,2416.337,0,1816.085,2266.275,1735.05
171.98,270.026,405.101,519.171,0,174870.173,355.073,328.058,0,0,368.08,239.011,0,171.98,306.046,301.043
10989.746,59276.173,12374.88,11101.838,0,0,11758.376,11868.466,0,0,11724.348,11813.421,0,11614.258,11879.475,11469.139
245.051,0,56859.803,1048.676,0,0,489.223,362.13,0,0,330.106,234.044,0,235.045,206.026,266.064
516.963,755.027,1152.156,1422.252,829.049,1198.172,1358.228,959.091,1000.104,1179.165,1091.135,761.029,406521.961,1052.122,702.012,724.018
2384.704,3262.824,7714.251,14653.752,3926.904,25060.296,16336.851,2887.775,18829.988,300311.158,3133.807,2494.72,0,1734.6,2538.726,2250.684
363.99,500.04,436.016,640.098,462.026,518.048,521.049,524.05,294993.158,0,635.097,484.034,0,407.005,465.027,360.989
3369.724,75882.18,6666.94,5031.351,180308.687,6927.032,4022.975,2824.509,0,0,2592.415,2433.35,0,1846.103,2287.29,1800.083
171.98,270.026,405.101,519.171,0,177873.053,355.073,328.058,0,0,368.08,239.011,0,171.98,306.046,301.043
11138.891,60277.169,12557.054,11262.993,0,0,11957.563,12080.664,0,0,11935.545,12035.627,0,11835.463,12091.673,11700.352
245.051,0,57850.793,1048.676,0,0,490.222,363.129,0,0,330.106,234.044,0,243.049,206.026,266.064
516.963,755.027,1152.156,1422.252,829.049,1198.172,1358.228,959.091,1000.104,1179.165,1091.135,761.029,413526.049,1052.122,702.012,724.018
2425.717,3300.838,7881.304,14852.803,4119.937,25348.372,16730.917,2908.786,19350.066,305314.98,3215.827,2526.732,0,1740.606,2547.735,2260.692
363.99,500.04,436.016,640.098,462.026,518.048,521.049,524.05,299997.03,0,635.097,484.034,0,407.005,465.027,360.989
3512.793,77147.835,6781.006,5067.383,183311.557,6995.082,4116.026,2936.565,0,0,2633.442,2483.38,0,1883.126,2309.308,1819.098
171.98,270.026,405.101,519.171,0,180875.925,355.073,328.058,0,0,368.08,239.011,0,171.98,306.046,301.043
11342.08,61278.161,12727.218,11399.127,0,0,12156.75,12279.851,0,0,12133.731,12279.851,0,12055.667,12302.87,11920.556
248.052,0,58832.774,1051.677,0,0,490.222,363.129,0,0,330.106,247.051,0,243.049,206.026,266.064
516.963,755.027,1152.156,1422.252,829.049,1198.172,1358.228,959.091,1000.104,1179.165,1091.135,761.029,420530.435,1052.122,702.012,724.018
2447.725,3346.848,8664.385,15324.861,4273.963,25565.433,16797.952,2977.801,19450.108,310318.938,3247.837,2532.738,0,1744.61,2553.741,2282.7
363.99,500.04,436.016,640.098,462.026,518.048,521.049,524.05,305001.016,0,635.097,484.034,0,407.005,465.027,360.989
3833.93,78169.382,6856.055,5215.455,186314.423,7081.136,4287.105,2972.589,0,0,2665.464,2504.397,0,1902.141,2360.337,1838.113
171.98,270.026,405.101,519.171,0,183878.793,355.073,328.058,0,0,368.08,239.011,0,171.98,306.046,301.043
11541.267,62279.151,12892.379,11587.305,0,0,12338.924,12487.046,0,0,12361.943,12464.027,0,12270.868,12532.083,12123.747
248.052,0,59831.772,1051.677,0,0,490.222,363.129,0,0,330.106,247.051,0,243.049,206.026,268.064
516.963,755.027,1152.156,1422.252,829.049,1198.172,1358.228,959.091,1000.104,1179.165,1091.135,761.029,427534.741,1052.122,702.012,724.018
2471.735,3462.874,9280.459,15443.908,4554.007,25845.513,17081.013,3037.817,19600.166,315322.884,3276.85,2542.746,0,1753.617,2565.749,2294.708
363.99,500.04,436.016,640.098,462.026,518.048,521.049,524.05,310004.888,0,635.097,484.034,0,407.005,465.027,360.989
4136.058,79314.925,6934.101,5249.481,189317.309,7122.169,4445.177,2999.608,0,0,2687.48,2602.445,0,1953.168,2378.351,1864.129
171.98,270.026,405.101,519.171,0,186881.675,355.073,328.058,0,0,368.08,239.011,0,171.98,306.046,301.043
11738.452,63280.149,13065.546,11738.452,0,0,12542.115,12668.219,0,0,12588.153,12691.238,0,12462.049,12759.294,12347.955
248.052,0,60828.768,1055.679,0,0,490.222,363.129,0,0,330.106,247.051,0,243.049,206.026,268.064
516.963,755.027,1152.156,1422.252,829.049,1198.172,1358.228,959.091,1000.104,1179.165,1091.135,761.029,434539.227,1052.122,702.012,724.018
2491.745,3492.888,9910.537,15841.978,4639.03,26058.592,17279.073,3052.828,19764.23,320326.754,3386.874,2553.755,0,1759.623,2659.771,2320.718
363.99,500.04,436.016,640.098,462.026,518.048,521.049,524.05,315008.79,0,635.097,484.034,0,407.005,465.027,360.989
4429.183,80413.471,6970.133,5411.557,192320.191,7171.206,4575.239,3030.629,0,0,2826.545,2618.459,0,1967.18,2393.364,1881.142
171.98,270.026,405.101,519.171,0,189884.579,355.073,328.058,0,0,368.08,239.011,0,171.98,306.046,301.043
11912.62,64281.147,13217.698,11912.62,0,0,12712.281,12896.433,0,0,12815.366,12930.461,0,12666.243,12988.509,12551.148
249.051,0,61820.759,1055.679,0,0,497.227,363.129,0,0,330.106,247.051,0,244.048,206.026,268.064
516.963,755.027,1152.156,1422.252,829.049,1198.172,1358.228,959.091,1000.104,1179.165,1091.135,761.029,441543.525,1052.122,702.012,724.018
2515.755,3515.899,10977.648,15961.019,4662.043,26226.662,17375.117,3090.84,20135.297,325330.67,3425.887,2562.762,0,1764.628,2668.778,2329.725
363.99,500.04,436.016,640.098,462.026,518.048,521.049,524.05,320012.682,0,635.097,484.034,0,407.005,465.027,360.989
4584.254,81793.092,7010.165,5561.621,195323.091,7212.239,4597.259,3057.648,0,0,2839.558,2674.489,0,1990.195,2446.393,1922.165
171.98,270.026,405.101,519.171,0,192887.467,355.073,328.058,0,0,368.08,239.011,0,171.98,306.046,301.043
12118.812,65282.141,13398.871,12095.793,0,0,12913.47,13075.604,0,0,13028.565,13119.638,0,12878.441,13225.728,12750.335
249.051,0,62806.744,1061.683,0,0,501.229,365.129,0,0,333.107,247.051,0,244.048,206.026,268.064
516.963,755.027,1152.156,1422.252,829.049,1198.172,1358.228,959.091,1000.104,1179.165,1091.135,761.029,448547.821,1052.122,702.012,724.018
2538.766,3581.919,11052.687,16666.118,4810.075,26569.761,17582.184,3148.858,20376.374,330334.51,3472.904,2595.775,0,1785.637,2690.79,2340.734
363.99,500.04,436.016,640.098,462.026,518.048,521.049,524.05,325016.602,0,635.097,484.034,0,407.005,465.027,360.989
4613.281,83150.779,7067.21,5659.683,198325.961,7282.289,4666.302,3163.702,0,0,2880.585,2690.505,0,2017.214,2495.422,2003.208
171.98,270.026,405.101,519.171,0,195889.34,355.073,328.058,0,0,368.08,240.01,0,171.98,306.046,301.043
12314.998,66283.133,13582.048,12243.939,0,0,13085.636,13301.816,0,0,13266.787,13360.865,0,13079.632,13418.913,12951.526
249.051,0,63784.721,1080.698,0,0,501.229,365.129,0,0,333.107,250.052,0,244.048,207.025,268.064
516.963,755.027,1152.156,1422.252,829.049,1198.172,1358.228,959.091,1000.104,1179.165,1091.135,761.029,455552.283,1052.122,702.012,724.018
2617.781,3753.953,11526.759,16832.178,4832.091,26771.847,17721.243,3194.874,20846.462,335338.506,3637.937,2626.788,0,1794.644,2699.799,2356.744
363.99,500.04,436.016,640.098,462.026,518.048,521.049,524.05,330020.57,0,635.097,484.034,0,407.005,465.027,360.989
4846.384,84532.408,7114.245,5724.722,201328.855,7320.321,4691.323,3187.72,0,0,2899.6,2775.548,0,2037.228,2538.447,2023.222
171.98,270.026,405.101,519.171,0,198892.218,355.073,328.058,0,0,368.08,240.01,0,171.98,306.046,301.043
12539.206,67284.125,13744.206,12408.097,0,0,13297.836,13498.002,0,0,13472.981,13568.06,0,13320.855,13615.099,13143.708
249.051,0,64775.711,1080.698,0,0,508.234,365.129,0,0,333.107,250.052,0,244.048,207.025,271.067
516.963,755.027,1152.156,1422.252,829.049,1198.172,1358.228,959.091,1000.104,1179.165,1091.135,761.029,462556.725,1052.122,702.012,724.018
2678.8,3850.972,12598.841,17010.218,4848.101,26935.899,17857.281,3210.882,21055.509,340342.382,3662.946,2631.793,0,1798.648,2707.805,2365.749
363.99,500.04,436.016,640.098,462.026,518.048,521.049,524.05,335024.434,0,635.097,484.034,0,407.005,465.027,360.989
4910.422,85547.951,7150.277,5798.766,204331.743,7367.358,5126.506,3257.758,0,0,2971.638,2791.562,0,2066.247,2641.498,2062.245
171.98,270.026,405.101,519.171,0,201895.108,355.073,328.058,0,0,368.08,240.01,0,171.98,306.046,301.043
12794.439,68285.123,13900.358,12542.229,0,0,13474.004,13687.181,0,0,13675.171,13794.27,0,13522.044,13853.319,13366.915
249.051,0,65757.692,1082.698,0,0,521.243,365.129,0,0,333.107,250.052,0,244.048,207.025,275.067
516.963,755.027,1152.156,1422.252,829.049,1198.172,1358.228,959.091,1000.104,1179.165,1091.135,761.029,469561.029,1052.122,702.012,724.018
2686.808,3955.995,13401.942,17133.263,4910.119,27173.971,18254.348,3223.891,21200.564,345346.312,3732.964,2645.801,0,1803.653,2717.813,2372.756
363.99,500.04,436.016,640.098,462.026,518.048,521.049,524.05,340028.292,0,635.097,484.034,0,407.005,465.027,360.989
5171.535,86794.521,7264.335,5880.81,207334.613,7415.392,5216.542,3279.774,0,0,3021.666,2833.586,0,2078.257,2655.51,2081.258
171.98,270.026,405.101,519.171,0,204897.998,355.073,328.058,0,0,368.08,240.01,0,171.98,306.046,301.043
12968.607,69286.113,14048.506,12714.395,0,0,13678.198,13881.367,0,0,13905.387,14000.466,0,13761.267,14071.525,13582.118
249.051,0,66738.672,1082.698,0,0,521.243,384.142,0,0,334.106,250.052,0,244.048,207.025,275.067
516.963,755.027,1152.156,1422.252,829.049,1198.172,1358.228,959.091,1000.104,1179.165,1091.135,761.029,476565.231,1052.122,702.012,724.018
2688.81,3969.0,14447.061,17400.296,5086.145,27422.007,18396.372,3237.895,21272.584,350350.168,3738.968,2650.804,0,1805.655,2721.815,2376.758
363.99,500.04,436.016,640.098,462.026,518.048,521.049,524.05,345032.242,0,635.097,484.034,0,407.005,465.027,360.989
5237.573,87861.053,7304.367,5951.851,210337.511,7503.442,5394.634,3406.835,0,0,3154.729,2883.614,0,2105.274,2705.538,2185.31
171.98,270.026,405.101,519.171,0,207899.869,355.073,328.058,0,0,368.08,240.01,0,171.98,307.045,301.043
13186.809,70287.105,14225.675,12858.535,0,0,13865.375,14117.585,0,0,14117.585,14213.665,0,13973.465,14285.725,13768.294
249.051,0,67733.666,1082.698,0,0,522.242,384.142,0,0,334.106,255.055,0,244.048,207.025,275.067
516.963,755.027,1152.156,1422.252,829.049,1198.172,1358.228,959.091,1000.104,1179.165,1091.135,761.029,483569.489,1052.122,702.012,724.018
2699.817,3999.012,14831.121,17875.367,5175.166,27630.067,18784.438,3328.916,21403.635,355354.074,3861.993,2659.811,0,1817.661,2757.827,2389.765
363.99,500.04,436.016,640.098,462.026,518.048,521.049,524.05,350036.138,0,635.097,484.034,0,407.005,465.027,360.989
5328.624,89259.747,7383.406,6041.903,213340.383,7563.486,5427.663,3495.882,0,0,3181.75,2902.631,0,2127.29,2779.578,2203.324
171.98,270.026,405.101,519.171,0,210902.757,355.073,328.058,0,0,368.08,240.01,0,171.98,307.045,301.043
13363.978,71288.101,14372.82,13031.7,0,0,14033.537,14287.749,0,0,14360.81,14432.87,0,14191.669,14505.931,14033.537
249.051,0,68714.646,1090.704,0,0,522.242,388.144,0,0,334.106,262.058,0,245.047,207.025,275.067
516.963,755.027,1152.156,1422.252,829.049,1198.172,1358.228,959.091,1000.104,1179.165,1091.135,761.029,490573.883,1052.122,702.012,724.018
2791.837,4026.023,14874.15,18194.424,5209.18,27776.131,19869.555,3351.925,21538.682,360358.016,3886.003,2708.824,0,1821.665,2768.834,2397.771
363.99,500.04,436.016,640.098,462.026,518.048,521.049,524.05,355039.966,0,635.097,484.034,0,407.005,465.027,360.989
5821.827,90235.202,7674.541,6067.923,216343.261,7590.509,5445.679,3508.893,0,0,3214.769,2942.653,0,2174.315,2787.586,2232.341
171.98,270.026,405.101,519.171,0,213905.647,355.073,328.058,0,0,368.08,240.01,0,171.98,307.045,301.043
13587.187,72289.091,14529.975,13203.866,0,0,14261.751,14493.945,0,0,14541.985,14664.087,0,14407.873,14700.117,14225.721
262.058,0,69698.629,1094.706,0,0,522.242,388.144,0,0,334.106,262.058,0,245.047,207.025,275.067
516.963,755.027,1152.156,1422.252,829.049,1198.172,1358.228,959.091,1000.104,1179.165,1091.135,761.029,497578.173,1052.122,702.012,724.018
2869.859,4080.043,15117.215,18736.502,5261.202,28107.236,20071.629,3429.947,21710.758,365361.868,3968.027,2744.838,0,1838.674,2857.857,2421.783
363.99,500.04,436.016,640.098,462.026,518.048,521.049,524.05,360043.88,0,635.097,484.034,0,407.005,465.027,360.989
5845.849,91786.895,7714.573,6122.958,219346.159,7630.541,5491.709,3577.93,0,0,3251.792,2985.678,0,2212.337,2816.605,2260.359
171.98,270.026,405.101,519.171,0,216908.535,355.073,328.058,0,0,368.08,240.01,0,171.98,307.045,301.043
13802.388,73290.083,14690.131,13342.002,0,0,14432.916,14678.121,0,0,14776.203,14874.285,0,14654.101,14911.316,14456.936
262.058,0,70699.629,1094.706,0,0,522.242,388.144,0,0,334.106,262.058,0,245.047,207.025,275.067
516.963,755.027,1152.156,1422.252,829.049,1198.172,1358.228,959.091,1000.104,1179.165,1091.135,761.029,504582.613,1052.122,702.012,724.018
2906.874,4129.062,15490.294,18960.596,5374.233,28474.347,20286.706,3453.961,21963.843,370365.748,4125.062,2894.872,0,1850.682,2870.868,2434.792
363.99,500.04,436.016,640.098,462.026,518.048,521.049,524.05,365047.75,0,635.097,484.034,0,407.005,465.027,360.989
5867.869,93357.579,7745.6,6184.994,222349.051,7702.583,5585.757,3589.942,0,0,3318.827,3010.695,0,2228.349,2829.616,2276.367
171.98,270.026,405.101,519.171,0,219911.423,355.073,328.058,0,0,368.08,240.01,0,171.98,307.045,301.043
14020.592,74291.083,14889.32,13523.173,0,0,14580.061,14889.32,0,0,14951.372,15123.516,0,14852.289,15160.547,14630.103
262.058,0,71687.616,1096.706,0,0,522.242,389.143,0,0,334.106,262.058,0,245.047,213.027,279.069
516.963,755.027,1152.156,1422.252,829.049,1198.172,1358.228,959.091,1000.104,1179.165,1091.135,761.029,511586.961,1052.122,702.012,724.018
2915.881,4268.091,16160.386,19088.644,5395.246,28848.431,20391.755,3706.007,22145.899,375369.584,4153.074,2934.884,0,1855.687,2898.878,2453.801
363.99,500.04,436.016,640.098,462.026,518.048,521.049,524.05,370051.62,0,635.097,484.034,0,407.005,465.027,360.989
5994.932,94623.188,7791.634,6281.044,225351.935,7742.615,5626.786,3603.956,0,0,3422.879,3166.769,0,2240.359,2876.643,2328.399
171.98,270.026,405.101,519.171,0,222914.313,355.073,328.058,0,0,368.08,240.01,0,171.98,307.045,301.043
14242.798,75292.073,15041.468,13662.31,0,0,14780.249,15078.499,0,0,15215.614,15339.718,0,15091.51,15339.718,14830.291
262.058,0,72685.613,1096.706,0,0,523.241,389.143,0,0,336.106,262.058,0,245.047,213.027,279.069
516.963,755.027,1152.156,1422.252,829.049,1198.172,1358.228,959.091,1000.104,1179.165,1091.135,761.029,518591.471,1052.122,702.012,724.018
2968.898,4298.107,16376.45,19325.717,5445.268,29169.534,20741.841,3733.022,22519.993,380373.488,4404.123,2956.896,0,1862.694,2927.891,2486.814
363.99,500.04,436.016,640.098,462.026,518.048,521.049,524.05,375055.52,0,635.097,484.034,0,407.005,465.027,360.989
6094.986,95968.839,7840.671,6397.106,228354.813,7791.652,5650.808,3844.066,0,0,3436.893,3186.785,0,2254.371,2895.658,2338.409
173.98,270.026,405.101,519.171,0,225912.2,355.073,328.058,0,0,368.08,240.01,0,174.981,307.045,301.043
14448.994,76293.069,15191.618,13852.492,0,0,14953.418,15278.691,0,0,15453.838,15528.901,0,15278.691,15578.943,15053.502
262.058,0,73686.613,1096.706,0,0,523.241,389.143,0,0,336.106,262.058,0,245.047,213.027,279.069
516.963,755.027,1152.156,1422.252,829.049,1198.172,1358.228,959.091,1000.104,1179.165,1091.135,761.029,525595.953,1052.122,702.012,724.018
3004.91,4563.154,17024.542,19450.764,5485.284,29463.612,20882.892,3746.031,22627.044,385377.442,4592.159,2978.906,0,1866.698,3002.91,2528.826
363.99,500.04,436.016,640.098,462.026,518.048,521.049,524.05,380059.41,0,635.097,484.034,0,407.005,465.027,360.989
6183.034,97337.491,7945.728,6422.129,231357.727,7821.68,5729.851,3896.096,0,0,3578.961,3220.807,0,2263.38,2953.69,2348.419
173.98,270.026,405.101,519.171,0,228915.11,355.073,328.058,0,0,368.08,240.01,0,174.981,307.045,301.043
14646.181,77294.069,15330.757,14020.654,0,0,15141.598,15481.884,0,0,15658.032,15771.127,0,15506.905,15796.148,15267.704
263.057,0,74680.606,1099.707,0,0,523.241,389.143,0,0,336.106,263.057,0,245.047,213.027,281.069
516.963,755.027,1152.156,1422.252,829.049,1198.172,1358.228,959.091,1000.104,1179.165,1091.135,761.029,532600.389,1052.122,702.012,724.018
3186.948,4594.169,17858.656,19618.82,5686.323,29706.693,20993.945,3760.041,22767.1,390381.358,4633.174,2988.914,0,1874.704,3012.918,2535.833
363.99,500.04,436.016,640.098,462.026,518.048,521.049,524.05,385063.468,0,635.097,484.034,0,407.005,465.027,360.989
6248.075,98519.118,8069.796,6489.172,234360.621,7872.719,5913.941,4011.155,0,0,3648.0,3312.855,0,2273.39,2973.706,2370.435
173.98,270.026,405.101,519.171,0,231918.01,355.073,328.058,0,0,368.08,240.01,0,174.981,307.045,301.043
14867.386,78295.061,15478.903,14172.802,0,0,15339.786,15682.074,0,0,15897.255,15961.309,0,15746.128,15998.34,15478.903
263.057,0,75681.606,1099.707,0,0,523.241,389.143,0,0,336.106,263.057,0,245.047,213.027,281.069
516.963,755.027,1152.156,1422.252,829.049,1198.172,1358.228,959.091,1000.104,1179.165,1091.135,761.029,539604.917,1052.122,702.012,724.018
3305.975,4640.185,17948.702,20285.923,5806.351,30144.791,21101.999,3953.08,22928.165,395385.35,4654.187,2998.922,0,1884.71,3022.926,2542.84
363.99,500.04,436.016,640.098,462.026,518.048,521.049,524.05,390067.438,0,635.097,484.034,0,407.005,465.027,360.989
6406.155,99873.822,8117.836,6520.201,237363.517,7939.766,5969.979,4050.182,0,0,3703.033,3349.88,0,2363.438,3023.736,2385.448
173.98,270.026,405.101,519.171,0,234920.908,355.073,328.058,0,0,368.08,240.01,0,174.981,307.045,301.043
15116.619,79296.061,15655.073,14339.963,0,0,15526.965,15885.267,0,0,16127.471,16178.514,0,15923.299,16203.535,15668.084
263.057,0,76622.546,1158.756,0,0,523.241,389.143,0,0,336.106,263.057,0,246.046,213.027,281.069
516.963,755.027,1152.156,1422.252,829.049,1198.172,1358.228,959.091,1000.104,1179.165,1091.135,761.029,546609.393,1052.122,702.012,724.018
3332.986,4896.233,18105.753,20475.981,5978.387,30723.874,21220.051,4005.096,23068.223,400389.356,4854.227,3027.933,0,1889.715,3078.942,2561.849
363.99,500.04,436.016,640.098,462.026,518.048,521.049,524.05,395071.386,0,635.097,484.034,0,407.005,465.027,360.989
6511.212,101213.489,8305.928,6568.235,240366.409,7987.802,5992.001,4066.198,0,0,3750.062,3391.906,0,2391.456,3108.781,2417.468
173.98,270.026,405.101,519.171,0,237923.794,355.073,328.058,0,0,368.08,240.01,0,174.981,307.045,301.043
15340.829,80297.049,15831.243,14481.102,0,0,15728.156,16049.427,0,0,16318.654,16382.708,0,16178.536,16433.751,15882.286
263.057,0,77619.542,1158.756,0,0,524.24,392.144,0,0,336.106,263.057,0,246.046,213.027,281.069
516.963,755.027,1152.156,1422.252,829.049,1198.172,1358.228,959.091,1000.104,1179.165,1091.135,761.029,553613.767,1052.122,702.012,724.018
3340.99,4948.245,18720.828,20700.019,6718.463,30925.942,21261.072,4019.102,23113.246,405393.316,4875.234,3033.937,0,1891.717,3106.95,2563.851
363.99,500.04,436.016,640.098,462.026,518.048,521.049,524.05,400075.37,0,635.097,484.034,0,407.005,465.027,360.989
6535.234,102736.191,8361.966,6599.26,243369.307,8033.836,6025.026,4079.211,0,0,3763.075,3599.003,0,2404.467,3137.8,2430.479
173.98,270.026,405.101,519.171,0,240926.7,355.073,328.058,0,0,368.08,240.01,0,174.981,307.045,301.043
15542.02,81298.045,16049.449,14651.266,0,0,15880.306,16269.635,0,0,16514.842,16591.907,0,16346.7,16668.972,16113.503
263.057,0,78611.533,1164.76,0,0,524.24,392.144,0,0,339.107,263.057,0,246.046,213.027,281.069
516.963,755.027,1152.156,1422.252,829.049,1198.172,1358.228,959.091,1000.104,1179.165,1091.135,761.029,560618.023,1052.122,702.012,724.018
3351.997,4965.254,18804.862,20758.053,7690.631,31278.014,21408.115,4057.114,23295.294,410397.23,4911.246,3046.944,0,1895.721,3175.957,2580.858
363.99,500.04,436.016,640.098,462.026,518.048,521.049,524.05,405079.35,0,635.097,484.034,0,407.005,465.027,360.989
6582.271,104166.947,8412.008,6632.291,246372.211,8068.871,6083.066,4109.235,0,0,3837.117,3645.033,0,2442.491,3235.852,2491.514
173.98,270.026,405.101,519.171,0,243929.594,355.073,328.058,0,0,368.08,240.01,0,174.981,307.045,301.043
15740.208,82299.041,16223.617,14804.415,0,0,16067.485,16484.838,0,0,16718.035,16847.144,0,16600.936,16835.134,16308.688
263.057,0,79612.533,1164.76,0,0,524.24,392.144,0,0,339.107,263.057,0,246.046,213.027,281.069
516.963,755.027,1152.156,1422.252,829.049,1198.172,1358.228,959.091,1000.104,1179.165,1091.135,761.029,567622.667,1052.122,702.012,724.018
3425.018,5005.272,18905.915,21323.148,7922.679,31761.129,21547.178,4104.131,23434.361,415401.278,4934.261,3106.962,0,1901.727,3239.985,2608.87
363.99,500.04,436.016,640.098,462.026,518.048,521.049,524.05,410083.388,0,635.097,484.034,0,407.005,465.027,360.989
6641.314,105410.668,8481.057,6715.344,249375.111,8137.922,6297.172,4197.285,0,0,3857.137,3671.055,0,2459.506,3281.882,2557.552
173.98,270.026,405.101,519.171,0,246932.484,355.073,328.058,0,0,368.08,240.01,0,174.981,307.045,301.043
15959.415,83300.041,16379.771,14990.593,0,0,16235.649,16641.993,0,0,16968.269,17060.347,0,16812.137,17060.347,16523.893
263.057,0,80598.518,1175.769,0,0,524.24,392.144,0,0,339.107,263.057,0,246.046,215.027,283.069
516.963,755.027,1152.156,1422.252,829.049,1198.172,1358.228,959.091,1000.104,1179.165,1091.135,761.029,574627.281,1052.122,702.012,724.018
3482.035,5236.317,19030.966,21577.224,8039.71,32393.249,21697.236,4143.146,23685.432,420405.384,5019.284,3126.972,0,1906.732,3252.994,2629.879
363.99,500.04,436.016,640.098,462.026,518.048,521.049,524.05,415087.532,0,635.097,484.034,0,407.005,465.027,360.989
6680.349,106705.416,8610.136,6776.389,252378.019,8200.971,6376.223,4325.353,0,0,3899.167,3719.087,0,2492.529,3317.908,2605.582
173.98,270.026,405.101,519.171,0,249911.378,355.073,328.058,0,0,368.08,240.01,0,198.991,307.045,301.043
16210.648,84301.035,16528.918,15130.731,0,0,16435.839,16884.219,0,0,17173.464,17212.497,0,17042.353,17291.564,16700.063
263.057,0,81576.495,1198.788,0,0,524.24,392.144,0,0,339.107,263.057,0,246.046,215.027,283.069
516.963,755.027,1152.156,1422.252,829.049,1198.172,1358.228,959.091,1000.104,1179.165,1091.135,761.029,581631.879,1052.122,702.012,724.018
3488.039,5381.344,19088.988,21689.254,8082.723,33645.231,21916.277,4200.159,23714.455,425409.488,5081.298,3134.976,0,1908.734,3256.998,2632.882
363.99,500.04,436.016,640.098,462.026,518.048,521.049,524.05,420091.574,0,635.097,484.034,0,407.005,465.027,360.989
6730.389,108193.235,8671.185,6819.426,255380.907,8260.018,6414.257,4397.397,0,0,3919.187,3804.136,0,2513.546,3356.935,2630.601
173.98,270.026,405.101,519.171,0,252914.28,355.073,328.058,0,0,368.08,240.01,0,198.991,307.045,301.043
16482.9,85302.031,16682.069,15314.907,0,0,16588.99,17070.397,0,0,17397.676,17450.721,0,17239.542,17476.743,16908.261
263.057,0,82524.442,1248.83,0,0,524.24,395.145,0,0,339.107,263.057,0,246.046,215.027,283.069
516.963,755.027,1152.156,1422.252,829.049,1198.172,1358.228,959.091,1000.104,1179.165,1091.135,761.029,588635.859,1052.122,702.012,724.018
3488.039,5381.344,19088.988,21689.254,8082.723,35645.259,21916.277,4200.159,23714.455,430413.59,5081.298,3134.976,0,1908.734,3256.998,2632.882
363.99,500.04,436.016,640.098,462.026,518.048,521.049,524.05,425095.664,0,635.097,484.034,0,407.005,465.027,360.989
6783.422,109290.872,8726.228,6857.458,258383.807,8300.054,6678.383,4693.537,0,0,3939.205,3831.157,0,2551.57,3408.967,2650.617
173.98,270.026,405.101,519.171,0,255917.166,355.073,328.058,0,0,368.08,240.01,0,198.991,307.045,301.043
16680.087,86303.021,16867.246,15438.03,0,0,16746.143,17255.574,0,0,17586.857,17692.947,0,17453.744,17705.958,17187.518
264.056,0,83513.43,1254.834,0,0,526.24,395.145,0,0,340.106,265.057,0,246.046,215.027,283.069
516.963,755.027,1152.156,1422.252,829.049,1198.172,1358.228,959.091,1000.104,1179.165,1091.135,761.029,595640.063,1052.122,702.012,724.018
3488.039,5381.344,19088.988,21689.254,8082.723,37645.369,21916.277,4200.159,23714.455,435417.636,5081.298,3134.976,0,1908.734,3256.998,2632.882
363.99,500.04,436.016,640.098,462.026,518.048,521.049,524.05,430099.716,0,635.097,484.034,0,407.005,465.027,360.989
6910.491,110656.519,8750.252,6893.484,261386.695,8343.085,6773.434,4756.572,0,0,4030.252,3871.181,0,2571.584,3466.999,2688.639
173.98,270.026,405.101,519.171,0,258919.079,355.073,328.058,0,0,368.08,240.01,0,198.991,307.045,302.042
16943.332,87304.011,17038.413,15586.176,0,0,16943.332,17440.755,0,0,17816.074,17882.13,0,17681.96,17936.176,17346.675
264.056,0,84514.43,1254.834,0,0,526.24,395.145,0,0,340.106,265.057,0,246.046,215.027,283.069
516.963,755.027,1152.156,1422.252,829.049,1198.172,1358.228,959.091,1000.104,1179.165,1091.135,761.029,602644.189,1052.122,702.012,724.018
3488.039,5381.344,19088.988,21689.254,8082.723,39645.615,21916.277,4200.159,23714.455,440421.576,5081.298,3134.976,0,1908.734,3256.998,2632.882
363.99,500.04,436.016,640.098,462.026,518.048,521.049,524.05,435103.642,0,635.097,484.034,0,407.005,465.027,360.989
6935.516,112248.316,8805.293,6925.512,264389.613,8383.119,6811.464,4799.601,0,0,4049.269,3937.219,0,2589.598,3521.031,2707.654
173.98,270.026,405.101,519.171,0,261921.983,355.073,328.058,0,0,368.08,240.01,0,198.991,307.045,302.042
17169.544,88305.011,17182.555,15763.345,0,0,17088.475,17668.969,0,0,18005.255,18126.358,0,17898.164,18139.369,17574.889
264.056,0,85497.412,1270.846,0,0,526.24,395.145,0,0,340.106,265.057,0,248.046,215.027,283.069
516.963,755.027,1152.156,1422.252,829.049,1198.172,1358.228,959.091,1000.104,1179.165,1091.135,761.029,609648.595,1052.122,702.012,724.018
3505.044,5690.377,19100.998,21713.266,8101.73,41175.076,21931.288,4206.163,23755.47,445425.57,5092.303,3137.979,0,1916.738,3260.001,2635.885
363.99,500.04,436.016,640.098,462.026,518.048,521.049,524.05,440107.764,0,635.097,484.034,0,407.005,465.027,360.989
6993.562,113508.105,8871.347,7076.597,267392.507,8444.17,6851.502,4840.634,0,0,4105.307,4047.281,0,2624.623,3567.063,2784.699
173.98,270.026,405.101,519.171,0,264923.886,355.073,329.057,0,0,368.08,240.01,0,198.991,307.045,302.042
17404.765,89306.005,17336.707,15921.499,0,0,17363.73,17866.158,0,0,18218.458,18299.527,0,18096.354,18352.572,17758.066
264.056,0,86497.411,1270.846,0,0,526.24,396.144,0,0,340.106,265.057,0,248.046,215.027,283.069
516.963,755.027,1152.156,1422.252,829.049,1198.172,1358.228,959.091,1000.104,1179.165,1091.135,761.029,616653.191,1052.122,702.012,724.018
3548.055,5755.408,19138.019,21761.29,8121.74,42780.253,22004.315,4211.168,23793.494,450429.778,5107.31,3148.984,0,1918.74,3295.01,2638.888
363.99,500.04,436.016,640.098,462.026,518.048,521.049,524.05,445111.882,0,635.097,484.034,0,407.005,465.027,360.989
7111.628,114599.742,9144.48,7225.676,270395.417,8500.212,6891.534,4881.663,0,0,4140.332,4067.299,0,2719.674,3637.103,2796.711
173.98,270.026,405.101,519.171,0,267926.804,355.073,329.057,0,0,368.08,240.01,0,198.991,307.045,302.042
17642.989,90307.003,17491.86,16068.644,0,0,17505.872,18066.35,0,0,18447.675,18528.744,0,18325.571,18556.768,17985.281
264.056,0,87495.408,1270.846,0,0,526.24,396.144,0,0,340.106,265.057,0,248.046,215.027,286.07
516.963,755.027,1152.156,1422.252,829.049,1198.172,1358.228,959.091,1000.104,1179.165,1091.135,761.029,623657.655,1052.122,702.012,724.018
3561.058,7484.569,19143.024,21768.295,8130.743,42791.262,22073.326,4346.191,23801.5,455433.858,5109.312,3154.986,0,1919.741,3299.012,2639.889
363.99,500.04,436.016,640.098,462.026,518.048,521.049,524.05,450115.968,0,635.097,484.034,0,407.005,465.027,360.989
7138.653,115777.389,9205.523,7330.735,273398.333,8563.255,6932.565,4967.701,0,0,4202.368,4137.339,0,2853.744,3743.159,2864.749
173.98,270.026,405.101,519.171,0,270929.714,355.073,329.057,0,0,368.08,240.01,0,198.991,307.045,302.042
17874.206,91308.001,17625.994,16221.793,0,0,17722.076,18244.522,0,0,18654.872,18736.942,0,18572.802,18764.966,18203.487
264.056,0,88490.402,1273.847,0,0,526.24,396.144,0,0,340.106,265.057,0,248.046,218.028,286.07
516.963,755.027,1152.156,1422.252,829.049,1198.172,1358.228,959.091,1000.104,1179.165,1091.135,761.029,630661.929,1052.122,702.012,724.018
3561.058,9484.835,19143.024,21768.295,8130.743,42791.262,22073.326,4346.191,23801.5,460437.886,5109.312,3154.986,0,1919.741,3299.012,2639.889
363.99,500.04,436.016,640.098,462.026,518.048,521.049,524.05,455120.012,0,635.097,484.034,0,407.005,465.027,360.989
7303.738,116917.026,9254.562,7380.771,276401.235,8634.302,6977.598,5128.792,0,0,4236.392,4258.402,0,2871.758,3757.173,2997.818
173.98,270.026,405.101,519.171,0,273932.616,355.073,329.057,0,0,368.08,240.01,0,198.991,307.045,302.042
18114.432,92308.997,17795.159,16410.974,0,0,17906.254,18459.727,0,0,18873.08,18914.115,0,18775.997,18969.162,18404.68
264.056,0,89488.399,1273.847,0,0,529.241,396.144,0,0,340.106,265.057,0,248.046,218.028,286.07
516.963,755.027,1152.156,1422.252,829.049,1198.172,1358.228,959.091,1000.104,1179.165,1091.135,761.029,637666.261,1052.122,702.012,724.018
3561.058,11485.005,19143.024,21768.295,8130.743,42791.262,22073.326,4346.191,23801.5,465441.956,5109.312,3154.986,0,1919.741,3299.012,2639.889
363.99,500.04,436.016,640.098,462.026,518.048,521.049,524.05,460124.076,0,635.097,484.034,0,407.005,465.027,360.989
7429.804,117955.596,9316.6,7461.818,279404.153,8676.334,7191.702,5162.816,0,0,4378.464,4433.489,0,2885.77,3773.187,3053.85
173.98,270.026,405.101,519.171,0,276935.534,355.073,329.057,0,0,368.08,240.01,0,198.991,307.045,302.042
18301.613,93309.995,17938.302,16559.12,0,0,18064.41,18676.934,0,0,19050.253,19174.359,0,18995.206,19202.383,18662.922
264.056,0,90487.397,1273.847,0,0,529.241,396.144,0,0,340.106,267.057,0,248.046,218.028,286.07
516.963,755.027,1152.156,1422.252,829.049,1198.172,1358.228,959.091,1000.104,1179.165,1091.135,761.029,644670.445,1052.122,702.012,724.018
3561.058,13485.263,19143.024,21768.295,8130.743,42791.262,22073.326,4346.191,23801.5,470445.974,5109.312,3154.986,0,1919.741,3299.012,2639.889
363.99,500.04,436.016,640.098,462.026,518.048,521.049,524.05,465128.09,0,635.097,484.034,0,407.005,465.027,360.989
7548.873,118988.244,9535.717,7614.901,282407.073,8774.396,7231.736,5227.857,0,0,4426.496,4540.548,0,2963.814,3800.208,3067.864
173.98,270.026,405.101,519.171,0,279938.454,355.073,329.057,0,0,368.08,240.01,0,198.991,307.045,302.042
18564.858,94310.993,18116.474,16701.26,0,0,18257.595,18859.11,0,0,19262.455,19387.562,0,19234.431,19373.55,18870.119
264.056,0,91487.396,1273.847,0,0,529.241,396.144,0,0,341.105,267.057,0,248.046,218.028,286.07
516.963,755.027,1152.156,1422.252,829.049,1198.172,1358.228,959.091,1000.104,1179.165,1091.135,761.029,651674.839,1052.122,702.012,724.018
3561.058,15485.519,19143.024,21768.295,8130.743,42791.262,22073.326,4346.191,23801.5,475450.108,5109.312,3154.986,0,1919.741,3299.012,2639.889
363.99,500.04,436.016,640.098,462.026,518.048,521.049,524.05,470132.224,0,635.097,484.034,0,407.005,465.027,360.989
7586.905,119954.842,9622.774,7759.98,285409.983,8879.459,7354.805,5320.91,0,0,4521.549,4583.577,0,3022.849,3831.231,3282.973
173.98,270.026,405.101,519.171,0,282941.362,355.073,329.057,0,0,368.08,240.01,0,198.991,307.045,302.042
18721.012,95311.991,18270.626,16874.427,0,0,18453.783,19058.301,0,0,19492.673,19617.78,0,19422.613,19631.792,19086.325
264.056,0,92487.395,1274.846,0,0,529.241,396.144,0,0,341.105,267.057,0,248.046,218.028,286.07
516.963,755.027,1152.156,1422.252,829.049,1198.172,1358.228,959.091,1000.104,1179.165,1091.135,761.029,658679.185,1052.122,702.012,724.018
3561.058,17485.771,19143.024,21768.295,8130.743,42791.262,22073.326,4346.191,23801.5,480454.224,5109.312,3154.986,0,1919.741,3299.012,2639.889
363.99,500.04,436.016,640.098,462.026,518.048,521.049,524.05,475136.376,0,635.097,484.034,0,407.005,465.027,360.989
7625.94,121221.598,9711.835,7835.031,288412.899,8961.515,7487.88,5365.943,0,0,4592.592,4695.631,0,3047.868,3871.259,3305.992
173.98,270.026,405.101,519.171,0,285944.278,355.073,329.057,0,0,368.08,240.01,0,198.991,307.045,302.042
18977.252,96312.989,18438.79,17006.559,0,0,18622.948,19245.482,0,0,19723.892,19808.965,0,19667.844,19822.977,19316.543
265.055,0,93462.369,1274.846,0,0,534.244,396.144,0,0,341.105,267.057,0,252.048,219.027,301.079
516.963,755.027,1152.156,1422.252,829.049,1198.172,1358.228,959.091,1000.104,1179.165,1091.135,761.029,665683.579,1052.122,702.012,724.018
3561.058,19486.013,19143.024,21768.295,8130.743,42791.262,22073.326,4346.191,23801.5,485458.36,5109.312,3154.986,0,1919.741,3299.012,2639.889
363.99,500.04,436.016,640.098,462.026,518.048,521.049,524.05,480140.514,0,635.097,484.034,0,407.005,465.027,360.989
7705.992,122486.336,9794.892,7901.077,291415.805,9018.56,7538.919,5534.031,0,0,4649.629,4797.697,0,3073.888,3887.275,3336.014
173.98,270.026,405.101,519.171,0,288947.188,355.073,329.057,0,0,368.08,240.01,0,198.991,307.045,302.042
19184.449,97313.975,18585.935,17174.721,0,0,18814.131,19467.692,0,0,19935.093,20062.202,0,19864.032,20062.202,19482.705
265.055,0,94462.368,1274.846,0,0,534.244,397.143,0,0,341.105,267.057,0,252.048,219.027,301.079
516.963,755.027,1152.156,1422.252,829.049,1198.172,1358.228,959.091,1000.104,1179.165,1091.135,761.029,672688.019,1052.122,702.012,724.018
3565.062,20448.167,19169.032,21841.31,8207.758,42839.278,22086.335,4350.195,24545.582,490462.494,5127.318,3164.99,0,1921.743,3310.017,2647.893
363.99,500.04,436.016,640.098,462.026,518.048,521.049,524.05,485144.606,0,635.097,484.034,0,407.005,465.027,360.989
7936.108,123454.94,9880.948,8036.152,294418.713,9148.634,7590.957,5613.078,0,0,4666.646,4937.769,0,3162.937,3902.29,3395.049
173.98,270.026,405.101,519.171,0,291950.086,355.073,329.057,0,0,368.08,240.01,0,198.991,307.045,302.042
19422.673,98314.973,18750.095,17344.885,0,0,18979.292,19679.894,0,0,20120.272,20233.369,0,20063.223,20276.406,19764.967
265.055,0,95429.334,1308.874,0,0,534.244,397.143,0,0,341.105,267.057,0,252.048,219.027,301.079
516.963,755.027,1152.156,1422.252,829.049,1198.172,1358.228,959.091,1000.104,1179.165,1091.135,761.029,679692.559,1052.122,702.012,724.018
3575.07,20728.233,19292.081,21999.366,8383.796,43197.386,22231.39,4486.225,24992.671,495466.6,5210.337,3174.998,0,1926.748,3373.034,2653.899
363.99,500.04,436.016,640.098,462.026,518.048,521.049,524.05,490148.676,0,635.097,484.034,0,407.005,465.027,360.989
8535.381,124326.433,9997.012,8141.209,297421.621,9206.672,7624.983,5646.101,0,0,4705.671,4953.785,0,3210.965,3920.304,3458.084
173.98,270.026,405.101,519.171,0,294953.006,355.073,329.057,0,0,368.08,240.01,0,198.991,307.045,302.042
19621.864,99315.967,18901.244,17489.027,0,0,19175.48,19908.11,0,0,20365.503,20465.589,0,20251.405,20493.613,19965.159
265.055,0,96428.332,1308.874,0,0,535.243,397.143,0,0,341.105,267.057,0,253.047,219.027,301.079
